Date,MA,Upper_Band,Lower_Band
2021-01-04,278.6700134277,,
2021-01-05,282.5700073242,293.60085584740517,271.5391588009948
2021-01-06,276.34666951496666,299.2726157642482,253.42072326568513
2021-01-07,277.849998474125,297.5111100475094,258.1888869007406
2021-01-08,284.1,316.82873145562775,251.37126854437227
2021-01-11,282.24500020345,312.8965984006157,251.5934020062843
2021-01-12,281.9814278738857,309.99711806959465,253.96573767817674
2021-01-13,282.8374977111875,309.22318926040015,256.45180616197484
2021-01-14,283.07222154405554,307.7939237247652,258.3505193633459
2021-01-15,282.14599914551,306.17870862668246,258.1132896643376
2021-01-19,283.09181629528183,306.7386997275886,259.44493286297507
2021-01-20,287.41833241780836,324.92620626885883,249.91045856675788
2021-01-21,291.14384577824615,335.9917584791559,246.29593307733637
2021-01-22,294.46714346749286,344.21750424420225,244.71678269078345
2021-01-25,297.8326680501267,352.4029071710904,243.262428929163
2021-01-26,300.9993762969938,359.49021514891035,242.50853744507717
2021-01-27,301.8229423971706,358.86219507901535,244.78368971532583
2021-01-28,302.74222310383885,358.6255026265664,246.8589435811113
2021-01-29,302.3136853669789,356.7508160854086,247.87655464854925
2021-02-01,303.34300079345496,357.1221039504841,249.56389763642585
2021-02-02,306.32200012207,360.94061126638417,251.70338897775582
2021-02-03,309.144999694825,365.2592102460965,253.03078914355353
2021-02-04,313.78500061035004,369.49212661758867,258.0778746031114
2021-02-05,317.912001037595,375.99572785009093,259.8282742250991
2021-02-08,321.20650024414,384.4326405204357,257.98035996784427
2021-02-09,326.925,392.42902566338444,261.4209743366156
2021-02-10,333.22600097656,403.92480055964916,262.5272013934708
2021-02-11,339.437501525875,415.3499543987964,263.5250486529536
2021-02-12,346.225001525875,425.81094766098386,266.6390553907661
2021-02-16,354.184501647945,435.1068531530325,273.26215014285754
2021-02-17,360.30700225829503,440.1160366888262,280.49796782776383
2021-02-18,363.571501159665,444.35894337134056,282.7840589479894
2021-02-19,367.49400024414,450.2092116974064,284.77878879087365
2021-02-22,369.66549987793,451.3580228495549,287.9729769063051
2021-02-23,371.397999572755,452.3498793003049,290.4461198452051
2021-02-24,372.79299926758,453.0419717536364,292.5440267815236
2021-02-25,373.97799987792996,451.2795011944762,296.6764985613837
2021-02-26,375.004499816895,449.6980805601479,300.31091907364214
2021-03-01,378.704499816895,443.27303900400835,314.13596062978166
2021-03-02,379.89450073242,440.91223672722043,318.87676473761957
2021-03-03,378.437001037595,444.8014484385727,312.0725536366173
2021-03-04,375.490501403805,452.819738395022,298.161264412588
2021-03-05,372.19550018310497,458.04280856788097,286.34819179832897
2021-03-08,366.330500793455,468.71184168336674,263.9491599035432
2021-03-09,362.241001892085,469.5799256701493,254.90207811402075
2021-03-10,356.979002380365,469.3380683076766,244.61993645305336
2021-03-11,352.40800170898,463.73171241078137,241.08429100717862
2021-03-12,346.73000183104995,456.60303771961486,236.85696594248503
2021-03-15,341.240000915525,446.4233735313918,236.0566282996582
2021-03-16,335.105000305175,431.7175703011059,238.49243030924407
2021-03-17,330.644999694825,419.665383414413,241.624615975237
2021-03-18,325.28000030517495,409.4248011572467,241.1351994531032
2021-03-19,319.300001525875,393.1804461521106,245.41955689963942
2021-03-22,315.4700012207,383.5774115894888,247.3625908519112
2021-03-23,311.58000030517496,372.804370233492,250.35563037685793
2021-03-24,306.355000305175,361.85629538106593,250.8537052292841
2021-03-25,302.084999847415,360.1880755829628,243.98192411186724
2021-03-26,297.995000457765,356.69959397001065,239.29040694551935
2021-03-29,292.76500015259,343.01306760404225,242.51693270113776
2021-03-30,288.84000015259,333.2767439572973,244.40325634788266
2021-03-31,287.42999954224,330.9398986545516,243.92010042992843
2021-04-01,287.86500015258997,331.4044617444878,244.32553856069217
2021-04-05,288.830001068115,333.4846034748264,244.17539866140362
2021-04-06,292.305001068115,334.18057465765213,250.42942747857788
2021-04-07,293.734999847415,337.6432359006034,249.8267637942266
2021-04-08,296.39000015259,343.63109801927686,249.14890228590318
2021-04-09,297.39000015259,347.07336875656654,247.7066315486135
2021-04-12,299.77999954224,354.258173105976,245.30182597850393
2021-04-13,302.520000457765,364.3670627977941,240.67293811773584
2021-04-14,304.165001678465,368.580177061279,239.74982629565096
2021-04-15,305.84500198364003,374.2641884489588,237.42581551832126
2021-04-16,308.97000198364003,380.5549774225234,237.38502654475667
2021-04-19,311.32000198364,384.00984392477204,238.63016004250795
2021-04-20,312.64500198364,385.7761598931675,239.51384407411246
2021-04-21,314.235002899165,387.7551047378851,240.7149010604449
2021-04-22,316.45500259398995,387.2224776249755,245.68752756300438
2021-04-23,320.43000183105,384.91298355332884,255.94702010877114
2021-04-26,324.510002136225,382.0763259842071,266.94367828824295
2021-04-27,327.900001525875,377.9584503350831,277.84155271666685
2021-04-28,331.23500061035,372.6958158517079,289.77418536899216
2021-04-29,334.10500030517494,368.1848118326755,300.0251887776744
2021-04-30,335.525,364.29354361212074,306.7564563878792
2021-05-03,335.469999694825,364.44666196352665,306.49333742612333
2021-05-04,334.225,368.228584052466,300.22141594753407
2021-05-05,332.46000061035,372.3365151328736,292.5834860878264
2021-05-06,330.18500061035,374.36297653409156,286.0070246866085
2021-05-07,328.065000915525,375.2379280604574,280.89207377059256
2021-05-10,323.78000183105,378.5532002046631,269.00680345743694
2021-05-11,318.740000915525,375.7755878955484,261.7044139355016
2021-05-12,313.76000061034995,378.65464392577366,248.86535729492624
2021-05-13,307.740000915525,376.99921766871006,238.48078416233994
2021-05-14,302.81000061034996,371.79142677706625,233.82857444363367
2021-05-17,298.6,367.8647970761658,229.33520292383423
2021-05-18,294.680000305175,365.0886855167999,224.27131509355007
2021-05-19,290.60999984741,360.95659260847646,220.26340708634353
2021-05-20,288.30000076293504,358.12688027220344,218.47312125366665
2021-05-21,284.875000762935,352.18599386117705,217.5640076646929
2021-05-24,282.025000762935,344.3850000991604,219.66500142670964
2021-05-25,279.67000198363496,337.50887285806783,221.8311311092021
2021-05-26,277.42000198363496,329.4187710014156,225.42123296585427
2021-05-27,274.99000320433504,318.92708740812253,231.05291900054758
2021-05-28,273.555002593985,312.77237488062417,234.33763030734588
2021-06-01,272.855002593985,309.8450466192533,235.86495856871665
2021-06-02,273.01500167845995,310.3831169569636,235.64688639995632
2021-06-03,272.810001373285,309.91065701841825,235.70934572815173
2021-06-04,273.32000045776,311.6580311344451,234.9819697810749
2021-06-07,273.79000015258504,313.33471859312107,234.245281712049
2021-06-08,275.70999984741,316.4727737680332,234.94722592678679
2021-06-09,277.33499984741,318.8672444349695,235.80275525985056
2021-06-10,280.33499984741,320.2433306437551,240.42666905106495
2021-06-11,283.70999984741,320.1673812778002,247.25261841701985
2021-06-14,286.800000762935,324.1545765308156,249.44542499505437
2021-06-15,289.335001373285,325.16773105910426,253.5022716874658
2021-06-16,292.04000167846004,324.1735049201242,259.9064984367959
2021-06-17,295.58500213622494,324.71565872567766,266.45434554677223
2021-06-18,298.07000122069996,326.51830364680154,269.6216987945984
2021-06-21,300.9650024414,326.58746815469556,275.3425367281044
2021-06-22,303.66500244139996,331.97905739843526,275.35094748436467
2021-06-23,306.90500183105,340.4318373959489,273.37816626615114
2021-06-24,310.510002136225,351.0993430331083,269.9206612393417
2021-06-25,314.450001525875,361.34273823465145,267.55726481709854
2021-06-28,319.1700012207,374.8904714745025,263.4495309668975
2021-06-29,323.8700012207,386.44273968639385,261.2972627550061
2021-06-30,328.210002136225,394.40435362269534,262.01565064975466
2021-07-01,333.18500213622497,399.8374134112601,266.5325908611898
2021-07-02,337.58500213622494,406.56359868158586,268.60640559086403
2021-07-06,341.85500183105,412.1196223971439,271.5903812649561
2021-07-07,345.74000244139995,414.843226962688,276.6367779201119
2021-07-08,348.910002136225,414.3985034294467,283.4215008430033
2021-07-09,352.4950012207,415.33636254388705,289.6536398975129
2021-07-12,356.45500183105,417.0334847439711,295.87651891812897
2021-07-13,359.87000122070003,419.17410255601715,300.5658998853829
2021-07-14,363.78500061035004,418.91826067041455,308.6517405502855
2021-07-15,367.13999938965,415.38268951302905,318.8973092662709
2021-07-16,368.649998474125,412.8061077415287,324.49388920672135
2021-07-19,370.01499938965,409.2234396985159,330.80655908078404
2021-07-20,371.83499908447504,404.5376936590128,339.1323045099373
2021-07-21,373.314997863775,401.4990761323311,345.13091959521887
2021-07-22,374.379997253425,400.2932633161719,348.46673119067816
2021-07-23,375.204997253425,400.5020120193523,349.9079824874977
2021-07-26,375.01499786377497,400.57971766775756,349.45027805979237
2021-07-27,373.134999084475,400.51622721901936,345.75377094993064
2021-07-28,372.059999084475,398.4903158791722,345.6296822897778
2021-07-29,371.359999084475,397.3982197789709,345.32177838997916
2021-07-30,370.0799987793,396.45140228776336,343.70859527083667
2021-08-02,368.79499969482504,393.98860537371013,343.60139401593995
2021-08-03,367.46000061035,391.2956128691118,343.6243883515882
2021-08-04,366.969999694825,390.3171811744888,343.6228182151612
2021-08-05,367.73000030517494,391.22065481667596,344.2393457936739
2021-08-06,367.16000061035004,390.42944196718673,343.89055925351335
2021-08-09,366.180000305175,387.7506983951364,344.6093022152136
2021-08-10,364.78000030517495,384.1871685061478,345.3728321042021
2021-08-11,363.130000305175,380.23685558633787,346.0231450240121
2021-08-12,362.225001525875,378.8638084035746,345.58619464817536
2021-08-13,362.175001525875,378.93232215992896,345.4176808918211
2021-08-16,361.925001525875,379.74478343533303,344.105219616417
2021-08-17,360.100001525875,385.30108398178896,334.898919069961
2021-08-18,357.675001525875,389.28758388963206,326.062419162118
2021-08-19,354.8150024414,391.38846431662046,318.24154056617954
2021-08-20,352.12500305175,389.2730642250637,314.9769418784363
2021-08-23,351.3150024414,388.0123002181328,314.6177046646672
2021-08-24,351.9650024414,388.96385209193295,314.966152790867
2021-08-25,351.75000305175,388.41724200449613,315.0827640990039
2021-08-26,351.04000244139996,386.9072668792505,315.1727380035494
2021-08-27,351.480003356925,387.8315974511997,315.12840926265034
2021-08-30,352.480003356925,391.10269295685293,313.8573137569971
2021-08-31,353.785002136225,395.23723227519326,312.3327719972567
2021-09-01,355.460002136225,401.73994440870615,309.18005986374385
2021-09-02,356.38000183105,405.0490463034361,307.71095735866385
2021-09-03,358.1400024414,410.36967119941494,305.91033368338503
2021-09-07,360.60500183105,418.7364815564102,302.4735221056898
2021-09-08,362.6900024414,423.5083111750484,301.8716937077516
2021-09-09,364.78000183105,427.1223668598681,302.4376368022319
2021-09-10,366.30500183105,429.20185624242714,303.40814741967284
2021-09-13,367.635002136225,430.40975953575344,304.8602447366966
2021-09-14,369.1650024414,430.80057586276104,307.529429020039
2021-09-15,372.085002136225,429.7369960345809,314.4330082378691
2021-09-16,375.20000305175006,426.6761840695091,323.72382203399104
2021-09-17,378.220002746575,420.7975089848574,335.6424965082926
2021-09-20,378.925001525875,418.10237658636714,339.7476264653829
2021-09-21,378.71500091552497,418.61737060381625,338.8126312272337
2021-09-22,378.469999694825,418.8565612431326,338.0834381465174
2021-09-23,378.7299987793,418.7680956068645,338.6919019517355
2021-09-24,379.3549987793,418.13825946301927,340.5717380955807
2021-09-27,379.349998474125,418.1410226466992,340.55897430155085
2021-09-28,377.114997863775,420.1350106659905,334.0949850615595
2021-09-29,374.274998474125,421.8601336923471,326.68986325590294
2021-09-30,370.78999938965,420.18550078689407,321.39449799240595
2021-10-01,367.79499969482504,418.4116823067063,317.17831708294375
2021-10-04,363.13999938965,418.53327022876573,307.7467285505342
2021-10-05,358.65999908447503,410.6452804897036,306.67471767924644
2021-10-06,355.29499816895,404.45846466215113,306.1315316757488
2021-10-07,353.23999938965005,398.6557628911424,307.8242358881577
2021-10-08,351.8799987793,394.69448994985646,309.0655076087436
2021-10-11,350.6049987793,391.5075810075077,309.70241655109226
2021-10-12,349.364997863775,388.929006611967,309.800989115583
2021-10-13,348.3349975586,385.48506595803235,311.1849291591676
2021-10-14,348.00499725342496,384.1068694984708,311.9031250083791
2021-10-15,348.294996643075,385.3565070101901,311.23348627595993
2021-10-18,351.47499694825,395.3871972951332,307.5627966013668
2021-10-19,355.33499755860004,409.06603252562127,301.6039625915788
2021-10-20,358.349998474125,418.88207793016284,297.8179190180872
2021-10-21,361.44499816895,429.94601337206024,292.9439829658398
2021-10-22,363.79499816895,436.1429415368574,291.44705480104255
2021-10-25,367.199998474125,445.9165718300495,288.48342511820044
2021-10-26,371.76499786377497,453.751009841995,289.7789858855549
2021-10-27,376.26499786377497,458.47833350242917,294.05166222512077
2021-10-28,381.489997863775,465.04969621133915,297.9302995162108
2021-10-29,386.71999816895,470.98693646811375,302.4530598697862
2021-11-01,394.5799987793,476.4364038336037,312.7235937249963
2021-11-02,400.63999938965,478.9241403509368,322.35585842836315
2021-11-03,407.41499938965,484.64347513065854,330.18652364864147
2021-11-04,414.06999816894995,494.84795802953505,333.29203830836485
2021-11-05,419.899998474125,500.7736275158691,339.02636943238093
2021-11-08,426.1049987793,504.5008262656428,347.7091712929572
2021-11-09,431.41499938965,501.4478156241613,361.3821831551387
2021-11-10,435.475,496.9422512832153,374.00774871678476
2021-11-11,439.5449996948249,493.8131273598293,385.27687202982054
2021-11-12,443.940000915525,491.6801055370941,396.1998962939559
2021-11-15,447.025001525875,491.3119072770017,402.7380957747483
2021-11-16,449.6450012207,493.7734480520538,405.5165543893462
2021-11-17,451.83000030517496,493.53887030401893,410.121130306331
2021-11-18,453.29000091552496,493.85417267403744,412.72582915701247
2021-11-19,456.20500030517496,492.9267940842336,419.4832065261163
2021-11-22,457.01999969482506,492.2769841681721,421.76301522147804
2021-11-23,457.40500030517495,491.51395217404973,423.29604843630017
2021-11-24,458.880000305175,488.42422343116726,429.3357771791827
2021-11-26,458.3300003051751,489.9860467342617,426.67395387608843
2021-11-29,458.625,489.62977312477074,427.62022687522926
2021-11-30,456.75499877929997,490.9456973970296,422.5643001615703
2021-12-01,453.9299987793,499.0910456971702,408.76895186142974
2021-12-02,450.069999694825,502.46164099328837,397.67835839636166
2021-12-03,443.2650009155251,508.96165886877407,377.5683429622761
2021-12-06,438.20500030517496,508.8203499445208,367.58965066582914
2021-12-07,434.8,503.99044195306345,365.60955804693657
2021-12-08,432.975,501.9471439245098,364.00285607549023
2021-12-09,430.65,501.57621215513177,359.7237878448682
2021-12-10,427.83500061035,499.342470091078,356.327531129622
2021-12-13,422.76000061035,496.7198781481523,348.8001230725477
2021-12-14,417.73000030517494,493.5129800807998,341.94702052955006
2021-12-15,413.16500091552496,485.6281298867919,340.701871944258
2021-12-16,407.44000091552505,481.95403991986143,332.92596191118866
2021-12-17,401.73500061035,476.93494873199785,326.5350524887022
2021-12-20,394.41500091552496,469.39947067401874,319.43053115703117
2021-12-21,389.7950012207,461.84371390193337,317.7462885394666
2021-12-22,386.400001525875,455.52183324174393,317.27816981000603
2021-12-23,382.885002136225,445.3228564073536,320.44714786509644
2021-12-27,381.300001525875,440.75308852833473,321.8469145234153
2021-12-28,378.325001525875,429.7727124639748,326.8772905877752
2021-12-29,375.825001525875,422.1649795758579,329.4850234758921
2021-12-30,375.835002136225,422.1883993301857,329.4816049422643
2021-12-31,375.015000915525,420.76297747132537,329.2670243597246
2022-01-03,377.465000915525,423.0910520188087,331.83894981224137
2022-01-04,377.76500091552504,423.3850991579931,332.14490267305695
2022-01-05,374.440000915525,420.04552207453736,328.8344797565126
2022-01-06,371.01500091552504,413.12780356976657,328.9021982612835
2022-01-07,368.405000305175,410.83238171559054,325.9776188947595
2022-01-10,365.73500061035,407.1350970029389,324.33490421776116
2022-01-11,365.40500030517495,406.89461049231784,323.91539011803206
2022-01-12,365.865000915525,407.4695249364576,324.2604768945924
2022-01-13,363.3950012207,406.64913667039445,320.14086577100556
2022-01-14,363.18000183105,406.8224563418971,319.53754732020286
2022-01-18,361.77000274657496,409.46513553374973,314.0748699594002
2022-01-19,360.9150024414,411.85783206954113,309.9721728132589
2022-01-20,358.39000244140004,414.85651646158345,301.92348842121663
2022-01-21,352.83000183105,424.82661687127165,280.8333867908284
2022-01-24,346.350001525875,430.6338967641115,262.06610628763843
2022-01-25,338.36000137328494,433.4311994690611,243.2888032775088
2022-01-26,330.66000137328496,434.2219439695288,227.0980587770411
2022-01-27,322.89000167846,435.1456345251658,210.63436883175422
2022-01-28,315.3700012207,428.6448936495958,202.09510879180414
2022-01-31,310.710002136225,421.23904896426006,200.18095530818994
2022-02-01,305.28000183105,407.6685449761239,202.89145868597615
2022-02-02,300.795002746575,397.00034667165596,204.589658821494
2022-02-03,295.87500305175,393.07327362694275,198.67673247655728
2022-02-04,291.345002746575,386.5226371287648,196.1673683643852
2022-02-07,286.39000320434,380.6906248201764,192.0893815885036
2022-02-08,282.03500289916497,373.08324992700295,190.98675587132698
2022-02-09,277.85500259399,361.26535674032334,194.4446484476566
2022-02-10,272.17000198363996,342.8965543338724,201.4434496334075
2022-02-11,267.21000137328997,333.7024536832088,200.71754906337117
2022-02-14,261.9700012207,319.37717838681533,204.56282405458467
2022-02-15,259.06000061035,310.2420876824635,207.87791353823656
2022-02-16,256.640000915525,302.29806633904326,210.9819354920067
2022-02-17,253.04000091552498,293.16373083704684,212.9162709940031
2022-02-18,251.18500137329002,293.8123154328064,208.55768731377367
2022-02-22,248.91500091552498,296.4504457140427,201.37955611700727
2022-02-23,246.47500076294,301.6885397127,191.26146181317998
2022-02-24,245.04000091553002,303.30005490564145,186.77994692541856
2022-02-25,244.51500091552998,303.88855276148496,185.14144906957497
2022-02-28,243.205001068115,304.10659959478136,182.30340254144863
2022-03-01,239.68000106811502,299.2491808946894,180.1108212415406
2022-03-02,235.90000076294,291.02588848477194,180.77411304110805
2022-03-03,231.38499984741503,282.2389831395704,180.53101655525967
2022-03-04,228.569999694825,282.506732434398,174.63326695525197
2022-03-07,223.9,282.8647890179381,164.9352109820619
2022-03-08,219.80999984740998,284.206563976568,155.41343571825195
2022-03-09,216.10999984741002,279.9867513457237,152.23324834909636
2022-03-10,210.91999969481998,271.0666472700255,150.77335211961446
2022-03-11,205.499999999995,266.9268560034326,144.0731439965574
2022-03-14,200.465000152585,268.2363551055585,132.69364519961147
2022-03-15,195.79500045776498,265.60440653902754,125.98559437650245
2022-03-16,192.305000305175,255.47302632033063,129.1369742900194
2022-03-17,188.93500061035002,243.52874342320416,134.34125779749587
2022-03-18,187.85000076294,239.40904052733416,136.29096099854584
2022-03-21,187.23500061035,237.43993762639312,137.03006359430688
2022-03-22,188.56500091553,241.9696427391586,135.1603590919014
2022-03-23,190.64000091552998,246.6084258802382,134.67157595082176
2022-03-24,192.30000076294,251.65399445114824,132.94600707473174
2022-03-25,193.47500076294,255.17989414441587,131.77010738146413
2022-03-28,195.120000457765,260.7682017597791,129.4717991557509
2022-03-29,197.42500076294,268.52080986840764,126.32919165747234
2022-03-30,199.00000076294,273.1581238523012,124.84187767357882
2022-03-31,200.355001068115,275.60315020408405,125.10685193214593
2022-04-01,202.52000122070498,278.78045669016575,126.2595457512442
2022-04-04,207.24500122070498,285.42930372082526,129.0606987205847
2022-04-05,210.920001220705,286.93018311255196,134.909819328858
2022-04-06,212.30500106812002,287.18181161372695,137.42819052251312
2022-04-07,213.975001525885,286.53977066277906,141.41023238899095
2022-04-08,216.16000137329996,283.10388707025766,149.21611567634227
2022-04-11,218.33500137330003,276.14752205144487,160.5224806951552
2022-04-12,219.775001525885,270.86711166108427,168.6828913906857
2022-04-13,219.49500198364998,271.34833574407145,167.6416682232285
2022-04-14,218.175002288825,274.1055918363556,162.2444127412944
2022-04-18,215.91000213623497,276.25210971807604,155.56789455439386
2022-04-19,214.33000183105997,277.1482054419299,151.51179822019003
2022-04-20,209.99500198364498,279.6244705400868,140.36553342720316
2022-04-21,205.280002593995,282.5806881945746,127.9793169934154
2022-04-22,199.680002593995,283.55792334988394,115.80208183810605
2022-04-25,194.38500289917,282.5604572707177,106.20954852762232
2022-04-26,187.49500274657998,279.7983143786002,95.19169111455977
2022-04-27,180.06000213623,272.5081882252461,87.61181604721388
2022-04-28,173.92500228882,263.77800329584585,84.07200128179416
2022-04-29,168.24000244141,258.20814790418024,78.2718569786398
2022-05-02,162.86500244141,249.71066980654132,76.01933507627871
2022-05-03,156.10500221253,231.5451151156767,80.66488930938328
2022-05-04,151.200001907355,217.20874395063316,85.19125986407683
2022-05-05,146.21500167847,208.20876574081765,84.22123761612235
2022-05-06,141.140001297,199.15507988930787,83.12492270469212
2022-05-09,135.765001297,192.9559952642291,78.5740073297709
2022-05-10,131.445001220705,188.63758507761293,74.25241736379706
2022-05-11,126.74500083923502,184.96467582455034,68.5253258539197
2022-05-12,121.485000610355,177.02382614800098,65.94617507270902
2022-05-13,117.725000381475,170.66758466293825,64.78241610001174
2022-05-16,113.71000022888502,162.7978432248223,64.62215723294776
2022-05-17,109.70500068664998,149.4355400115224,69.97446136177757
2022-05-18,106.550000381475,144.77325030457297,68.32675045837705
2022-05-19,104.02999992371001,141.8036799747515,66.25631987266851
2022-05-20,101.800000000005,139.87449684273136,63.725503157278645
2022-05-23,99.565000152595,136.51881234636997,62.61118795882005
2022-05-24,97.70000038148,136.33317298902097,59.06682777393903
2022-05-25,96.04000053407,135.4735890061558,56.60641206198421
2022-05-26,94.245000457775,131.3669583789199,57.123042536630116
2022-05-27,93.415000152595,129.42156308418333,57.40843722100666
2022-05-31,92.19000015259499,125.37153349070238,59.0084668144876
2022-06-01,90.81500015259499,120.46809854095329,61.16190176423669
2022-06-02,89.36000061036,111.36013391566428,67.35986730505573
2022-06-03,88.58500061036,108.33781747606055,68.83218374465945
2022-06-06,88.38500061036,107.54859242953694,69.22140879118305
2022-06-07,89.250000381475,109.63518536687823,68.86481539607178
2022-06-08,90.210000228885,112.53891854864719,67.8810819091228
2022-06-09,91.07500038147501,112.92702565245345,69.22297511049656
2022-06-10,91.46500015259001,112.63223081531493,70.29776948986509
2022-06-13,90.4,113.72073811513383,67.07926188486618
2022-06-14,89.695000076295,114.2432531389372,65.1467470136528
2022-06-15,88.939999771115,113.56163323975473,64.31836630247527
2022-06-16,88.36499977111501,114.27100581884892,62.458993723381106
2022-06-17,87.904999923705,114.62329413850327,61.18670570890674
2022-06-21,87.839999771115,114.65157611060269,61.02842343162732
2022-06-22,87.60499954222999,114.6836356299865,60.52636345447348
2022-06-23,88.13999938964,114.32005650443817,61.95994227484182
2022-06-24,89.00999908446,114.61352754742964,63.40647062149037
2022-06-27,89.17999916075499,114.82556800937977,63.53443031213021
2022-06-28,88.409999465935,113.96628696055927,62.85371197131073
2022-06-29,87.499999618525,112.68704782580461,62.31295141124538
2022-06-30,86.47999954222999,111.71644807986871,61.24355100459127
2022-07-01,85.00999946593501,108.37302875796348,61.64697017390653
2022-07-05,84.499999618525,107.32888220086849,61.671117036181506
2022-07-06,83.789999771115,105.42826011165059,62.15173943057943
2022-07-07,83.25,103.22962169817335,63.27037830182665
2022-07-08,82.404999923705,98.80031129049965,66.00968855691036
2022-07-11,81.58499984741,96.61693474861829,66.55306494620172
2022-07-12,81.15999984740999,96.1230287902751,66.19697090454488
2022-07-13,81.579999923705,95.61988358600449,67.54011626140552
2022-07-14,81.75,95.4354133415456,68.0645866584544
2022-07-15,81.72000007629501,95.41311826569118,68.02688188689883
2022-07-18,82.285000228885,94.73080312758881,69.83919733018118
2022-07-19,83.095000076295,94.95425810662327,71.23574204596672
2022-07-20,83.925,96.60733266619403,71.24266733380597
2022-07-21,85.085000228885,99.6310830545962,70.53891740317378
2022-07-22,85.58500022888501,100.45528470125298,70.71471575651704
2022-07-25,85.38000030518,99.91758860605862,70.8424120043014
2022-07-26,84.925,99.11615714800246,70.73384285199754
2022-07-27,85.64499969482,100.60874134442467,70.68125804521533
2022-07-28,86.41499938964,102.00896183524176,70.82103694403824
2022-07-29,87.58999938964,103.5748470587522,71.6051517205278
2022-08-01,88.68499946593501,105.01582640401557,72.35417252785444
2022-08-02,89.394999313345,106.34737571252859,72.4426229141614
2022-08-03,90.52499923705,109.40031091327481,71.64968756082519
2022-08-04,91.45499916075501,112.60215119580465,70.30784712570536
2022-08-05,92.094999313345,114.15582294327422,70.03417568341578
2022-08-08,93.279999160755,115.15058589894106,71.40941242256893
2022-08-09,94.40499916075501,115.18894833581503,73.621049985695
2022-08-10,96.04999923705,116.57320910844919,75.52678936565081
2022-08-11,97.679999160755,116.79556017466766,78.56443814684235
2022-08-12,99.479999160755,118.60348786870571,80.35651045280429
2022-08-15,101.36999893187,120.18937463123227,82.55062323250773
2022-08-16,102.74999923704999,121.70473945267841,83.79525902142157
2022-08-17,103.54999923705,122.42460075006149,84.67539772403852
2022-08-18,104.054999160755,123.21443998573798,84.89555833577202
2022-08-19,104.63499908445999,123.02106821499449,86.2489299539255
2022-08-22,104.95999908446,122.39504122083216,87.52495694808783
2022-08-23,105.604999160755,120.40606394313673,90.80393437837327
2022-08-24,105.74999923704999,120.2161497864565,91.28384868764348
2022-08-25,106.31499938964001,120.1623296603001,92.46766911897991
2022-08-26,106.02999954223,120.63830331396191,91.42169577049809
2022-08-29,105.57999954223001,121.43295541797438,89.72704366648564
2022-08-30,104.87999954223001,122.9290090056446,86.83099007881542
2022-08-31,103.774999618525,123.51743296793796,84.03256626911204
2022-09-01,102.49499969482,123.30981884423997,81.68018054540002
2022-09-02,101.28499984740999,124.08336160899907,78.48663808582091
2022-09-06,99.98499984741001,125.05544930517121,74.91455038964881
2022-09-07,99.13499984741,125.30346387184166,72.96653582297834
2022-09-08,97.75499992370501,124.22042635885835,71.28957348855168
2022-09-09,96.80999984741,122.9170582107657,70.70294148405429
2022-09-12,95.68499984741,120.08467810085517,71.28532159396482
2022-09-13,93.545000076295,116.97062425933117,70.11937589325882
2022-09-14,91.6,113.47918831638994,69.72081168361005
2022-09-15,89.88000030518,110.82570319705226,68.93429741330775
2022-09-16,88.04000015259001,107.43390979318885,68.64609051199118
2022-09-19,86.70500030518001,105.06335900880674,68.34664160155327
2022-09-20,85.70000038147501,104.20814868865901,67.191852074291
2022-09-21,84.390000534065,103.49788202653416,65.28211904159583
2022-09-22,82.815000534065,102.01031532232258,63.61968574580743
2022-09-23,80.58000049592,97.72846733398862,63.43153365785138
2022-09-26,78.985000419625,96.6855831237207,61.28441771552929
2022-09-27,77.54000034333001,95.71961806481039,59.360382621849624
2022-09-28,76.660000419625,94.90066013033614,58.41934070891388
2022-09-29,75.400000381475,94.27811292457478,56.52188783837521
2022-09-30,74.04000015259,93.52120769199323,54.55879261318676
2022-10-03,73.035000038145,93.00690299572477,53.06309708056523
2022-10-04,72.49500026703,92.51977086071693,52.470229673343056
2022-10-05,71.63500041962,91.19600032458898,52.07400051465102
2022-10-06,70.740000343325,89.68194949637777,51.79805119027222
2022-10-07,69.05000057221,86.66643992120304,51.433561223216955
2022-10-10,67.0650007248,81.44646197942883,52.683539470171176
2022-10-11,65.755000495915,81.49519081181123,50.01481018001877
2022-10-12,64.37000045776499,80.66092155500405,48.079079360525924
2022-10-13,63.19000034332,79.25983444992687,47.120166236713125
2022-10-14,61.79000034331999,78.53878225467511,45.041218431964865
2022-10-17,60.59000034332,75.98376579472738,45.196234891912624
2022-10-18,59.50000038146501,73.46989339458484,45.53010736834518
2022-10-19,58.685000228875005,71.98609294234686,45.38390751540316
2022-10-20,57.930000305170005,70.80790554870272,45.05209506163728
2022-10-21,57.565000343315,70.21382487490995,44.91617581172005
2022-10-24,57.080000305164994,69.69204219827435,44.467958412055644
2022-10-25,56.81000022886999,69.17121367318465,44.448786784555324
2022-10-26,56.08500022886999,67.3336314556625,44.836369002077475
2022-10-27,55.39000015258,67.01916590176117,43.76083440339884
2022-10-28,54.86500015258,66.73451565151323,42.99548465364677
2022-10-31,54.121000099175,66.18241940863642,42.05958078971358
2022-11-01,53.015500068655,64.1637053224211,41.86729481488891
2022-11-02,51.711499977100004,62.561951227180884,40.861048727019124
2022-11-03,50.34499988554499,60.81397554413161,39.87602422695838
2022-11-04,49.561999893175,60.45795336510754,38.666046421242456
2022-11-07,48.91649990080499,60.130645576535706,37.70235422507428
2022-11-08,48.513999938954996,60.19307783799531,36.83492203991468
2022-11-09,47.895999908440004,60.57600721570184,35.215992601178165
2022-11-10,47.645999908440004,60.122734228879104,35.169265588000904
2022-11-11,47.911499977105,60.5198100390652,35.303189915144806
2022-11-14,47.831500053400006,60.31014585358696,35.35285425321305
2022-11-15,47.99699993133,60.88446083407702,35.10953902858299
2022-11-16,47.99449996948,60.87740307555636,35.11159686340365
2022-11-17,48.05349998474,61.0337232218039,35.0732767476761
2022-11-18,47.813500022885,60.344816857286105,35.2821831884839
2022-11-21,47.5875,59.909033956004095,35.2659660439959
2022-11-22,47.239999961855,58.813104591033294,35.6668953326767
2022-11-23,47.22099990845,58.752002817948785,35.68999699895121
2022-11-25,47.384499931335,59.01254268644814,35.75645717622186
2022-11-28,47.38299999237,59.0103902954014,35.755609689338606
2022-11-29,47.514500045775,59.15075601337527,35.87824407817473
2022-11-30,48.260000038145,61.017740961129064,35.50225911516094
2022-12-01,49.295500183105005,62.55506167639632,36.03593868981369
2022-12-02,50.50500011444,63.865857408970406,37.1441428199096
2022-12-05,51.45599994659,64.59610484929262,38.31589504388737
2022-12-06,52.159999847405004,64.5385700420124,39.78142965279762
2022-12-07,52.781999969474995,64.12244330075579,41.44155663819419
2022-12-08,53.815999984735,62.74230683173924,44.88969313773076
2022-12-09,54.31899986266501,62.922114720945416,45.7158850043846
2022-12-12,54.59849987029501,63.23523421564272,45.961765524947296
2022-12-13,55.04299983977499,64.00395365582129,46.082046023728694
2022-12-14,55.157999992365,64.28277842083662,46.03322156389338
2022-12-15,55.041500091545004,64.31106812622264,45.77193205686737
2022-12-16,54.84999999999,64.39223626591081,45.307763734069184
2022-12-19,54.63050003051001,64.71293160114955,44.548068459870464
2022-12-20,54.544000053394996,64.88579315791497,44.202206948875016
2022-12-21,54.51300010680001,64.91505437844027,44.11094583515973
2022-12-22,54.04750022887,65.49295815557771,42.60204230216229
2022-12-23,53.71350021361,65.94885538754498,41.478145039675006
2022-12-27,53.273000144945,66.84896507806222,39.69703521182778
2022-12-28,52.75500011442999,67.74266590541393,37.76733432344605
2022-12-29,51.91350002288,67.14719442316027,36.67980562259973
2022-12-30,51.045999908439995,66.16531267767209,35.9266871392079
2023-01-03,49.989500045769994,64.75838000054338,35.220620090996604
2023-01-04,49.092500114435,63.53844322518262,34.64655700368738
2023-01-05,48.250500106805,63.06513853423806,33.43586167937194
2023-01-06,47.631500053399996,62.47092346886881,32.79207663793118
2023-01-09,46.970000076285,61.01797687008491,32.922023282485085
2023-01-10,46.432000160209995,59.53225975318353,33.33174056723646
2023-01-11,46.052000236505,58.20729555945972,33.89670491355028
2023-01-12,45.60000019073,55.99221060660625,35.20778977485375
2023-01-13,45.279000091545,54.177371461481286,36.380628721608716
2023-01-17,45.43749999999,54.87786329920107,35.99713670077894
2023-01-18,45.54700012206,55.25001377567685,35.84398646844315
2023-01-19,45.695000076285,55.567937369361246,35.82206278320875
2023-01-20,46.21000003814,57.25387644882854,35.16612362745146
2023-01-23,46.91750011443499,60.37841165577227,33.45658857309772
2023-01-24,47.85100002288,62.90030888037505,32.80169116538495
2023-01-25,48.751500129695,64.91679739550412,32.58620286388589
2023-01-26,50.134000396725,67.7277880507576,32.540212742692404
2023-01-27,51.850500297539995,71.30263747531663,32.39836311976335
2023-01-30,52.979000473015006,72.85168314911317,33.106317796916834
2023-01-31,54.288000488274996,74.90567183116531,33.67032914538469
2023-02-01,56.142000389095,78.38256323964042,33.90143753854959
2023-02-02,58.77350025176499,85.81514293975533,31.731857563774657
2023-02-03,61.194000244135,89.32594326042026,33.062057227849735
2023-02-06,63.351500320425,91.7764960176098,34.92650462324019
2023-02-07,65.64900016784,95.16416035223791,36.13383998344209
2023-02-08,67.624999999995,97.17481169501318,38.07518830497682
2023-02-09,69.340999984735,98.54079951147446,40.14120045799555
2023-02-10,70.66199989318001,98.88513897115257,42.438860815207455
2023-02-13,72.13749999999501,99.52165281775504,44.75334718223499
2023-02-14,73.83549995422001,100.79431229457407,46.87668761386595
2023-02-15,75.72900009155,101.53733191234404,49.92066827075597
2023-02-16,77.25049991607,100.02469295442808,54.47630687771192
2023-02-17,78.274500083915,98.90871679729582,57.640283370534185
2023-02-21,78.64849987029001,98.41415334990359,58.882846390676434
2023-02-22,79.095499801625,97.69130961955557,60.49968998369443
2023-02-23,79.776499557485,96.63750113080486,62.91549798416513
2023-02-24,79.94699935912,96.34405167557813,63.54994704266188
2023-02-27,80.001499557485,96.30720135029567,63.69579776467434
2023-02-28,80.44099960326,95.52197640652707,65.36002279999292
2023-03-01,80.542499542225,95.3368964642666,65.7481026201834
2023-03-02,80.10999946592999,95.67707688137698,64.542922050483
2023-03-03,79.18749961852,93.29477635170726,65.08022288533273
2023-03-06,78.590999603265,92.28528948091345,64.89670972561656
2023-03-07,78.01949958801,91.58317974698161,64.4558194290384
2023-03-08,77.23549957275,89.44876412887322,65.02223501662678
2023-03-09,76.374999618525,88.25448827234675,64.49551096470324
2023-03-10,75.46649971008,87.59636501070905,63.33663440945096
2023-03-13,74.954999923705,87.46176751984676,62.44823232756325
2023-03-14,74.61899986267,86.63505075496617,62.602948970373824
2023-03-15,74.127000045775,84.4643551477821,63.78964494376791
2023-03-16,73.98199996948,83.43033442772034,64.53366551123966
2023-03-17,74.2030002594,84.43776205963559,63.96823845916441
2023-03-20,74.569000244145,85.74022980958551,63.39777067870448
2023-03-21,75.53250045777,88.5935891160442,62.471411799495804
2023-03-22,76.286500549325,90.06913816896684,62.503862929683145
2023-03-23,77.15350074769,92.7899952598723,61.51700623550771
2023-03-24,78.21800079347,94.90266288709206,61.53333869984793
2023-03-27,78.97300071717999,96.21324230917112,61.73275912518885
2023-03-28,79.59150047304,97.00200788774447,62.18099305833553
2023-03-29,80.60800056459,98.39672437340357,62.819276755776436
2023-03-30,81.91500053407,100.12216399454311,63.707837073596885
2023-03-31,83.28800048829501,103.63305528532288,62.942945691267134
2023-04-03,84.55650062562499,105.91905178210874,63.193949469141245
2023-04-04,85.94900054933001,107.85419655514035,64.04380454351967
2023-04-05,86.90800056459,108.48286550654782,65.33313562263217
2023-04-06,88.27600059510499,108.58510507540434,67.96689611480564
2023-04-10,89.820000457775,107.5454013540179,72.09459956153209
2023-04-11,91.06200027467,105.51029452032625,76.61370602901374
2023-04-12,91.73750038147999,104.29767282694431,79.17732793601567
2023-04-13,92.58950042725999,103.58615601029217,81.59284484422781
2023-04-14,93.00650024415499,103.74170874993361,82.27129173837638
2023-04-17,93.50499992371999,103.50096135968282,83.50903848775717
2023-04-18,94.00549964906,103.07282056042743,84.93817873769257
2023-04-19,94.16399955750501,103.07019215989966,85.25780695511035
2023-04-20,94.30549964906001,102.77838477217651,85.83261452594351
2023-04-21,94.17849960328002,102.81713531613649,85.53986389042355
2023-04-24,94.014999389655,102.93758941705649,85.09240936225352
2023-04-25,93.64799919129,103.92159546741443,83.37440291516556
2023-04-26,93.64149932862,103.93401784711864,83.34898081012136
2023-04-27,93.86249923707001,104.18012051979652,83.5448779543435
2023-04-28,93.95749931336499,104.38080538403773,83.53419324269225
2023-05-01,93.635499191295,103.1839675311397,84.0870308514503
2023-05-02,93.336499023445,102.3275945742852,84.3454034726048
2023-05-03,92.83149909974,101.07081198606252,84.59218621341748
2023-05-04,92.795499038705,101.01516806770438,84.57583000970563
2023-05-05,92.923499298105,101.47042827538588,84.37657032082411
2023-05-08,93.279999160775,103.03936902958623,83.52062929196379
2023-05-09,93.802499389655,104.52097953977139,83.0840192395386
2023-05-10,94.79799919129,107.26796802170678,82.32803036087323
2023-05-11,95.62949905396,110.32906005696672,80.92993805095328
2023-05-12,96.289499282845,112.08100594025129,80.49799262543871
2023-05-15,97.11299934388,114.19627373709275,80.02972495066726
2023-05-16,98.09049949647,116.72550818522703,79.45549080771298
2023-05-17,99.43749961853999,120.42191120942275,78.45308802765723
2023-05-18,101.61549949646499,126.80395059557775,76.42704839735224
2023-05-19,103.545999145515,130.9134114634095,76.1785868276205
2023-05-22,105.705499267585,134.9393490479494,76.47164948722057
2023-05-23,107.962499618535,136.37405057086832,79.55094866620169
2023-05-24,110.04149971009,137.91116841392693,82.17183100625306
2023-05-25,112.097000122075,141.69139500120937,82.50260524294063
2023-05-26,114.74249992370999,148.10054380822461,81.38445603919536
2023-05-30,117.76050033569501,155.05677886579744,80.46422180559259
2023-05-31,120.69850044251,159.53848944923266,81.85851143578734
2023-06-01,124.24900016785,164.64041939773983,83.85758093796017
2023-06-02,127.85150070190498,169.53466863638346,86.16833276742652
2023-06-05,131.31200065613,174.4563019509325,88.16769936132752
2023-06-06,134.67800102234,179.34747749142116,90.00852455325884
2023-06-07,137.35300064087,180.4738139381307,94.2321873436093
2023-06-08,140.19000053406,182.94875337579987,97.43124769232014
2023-06-09,143.08400039673,185.69516496309174,100.47283583036827
2023-06-12,146.633499908445,188.95829020876644,104.30870960812356
2023-06-13,150.28499984741,192.28735171286374,108.28264798195627
2023-06-14,154.16749954223002,196.44479705876552,111.89020202569452
2023-06-15,158.04499969481998,201.5062341425014,114.58376524713856
2023-06-16,160.93549957275,205.037414528259,116.83358461724097
2023-06-20,164.14950027465503,207.7972411995344,120.50175934977565
2023-06-21,166.49500045776,207.85710941631265,125.13289149920733
2023-06-22,169.48899993896,207.30308358052244,131.67491629739757
2023-06-23,172.21749954223,204.97943749499436,139.45556158946565
2023-06-26,173.675498962395,202.22906825294743,145.1219296718426
2023-06-27,175.000498962395,201.4065221197924,148.5944758049976
2023-06-28,176.23299865721998,201.45046013599764,151.01553717844232
2023-06-29,177.450498962395,200.25392945038328,154.6470684744067
2023-06-30,178.70649948119498,200.700447472727,156.71255148966296
2023-07-03,180.02399902343,201.8609465868263,158.18705146003373
2023-07-05,181.247499084465,203.0937051405302,159.4012930283998
2023-07-06,182.10149917602,203.6569889728776,160.54600937916243
2023-07-07,183.59149932861,201.58876420396618,165.59423445325385
2023-07-10,184.39299926757502,200.37675420812397,168.40924432702607
2023-07-11,185.07649917602,199.58016983812652,170.5728285139135
2023-07-12,185.75799942016,200.44602658537485,171.06997225494513
2023-07-13,186.987999725335,204.86237236974333,169.11362708092665
2023-07-14,187.73649978637,207.59580550872263,167.87719406401735
2023-07-17,188.519999694815,211.12870013797334,165.91129925165666
2023-07-18,190.08499984740502,217.21102878280035,162.95897091200968
2023-07-19,191.475999450675,221.92624034721405,161.02575855413596
2023-07-20,192.03999938964,221.92520415206064,162.15479462721936
2023-07-21,191.95799942015998,221.91277615634397,162.003222683976
2023-07-24,192.156499481195,221.9026188087695,162.4103801536205
2023-07-25,193.421499633785,220.6179487439116,166.2250505236584
2023-07-26,193.977500152585,220.19843270887492,167.7565675962951
2023-07-27,194.206000518795,220.06571344759453,168.34628758999548
2023-07-28,195.424500274655,220.28888963845287,170.56011091085713
2023-07-31,196.31149978637,221.20771233834154,171.41528723439848
2023-08-01,196.884999847405,221.88349862794465,171.88650106686535
2023-08-02,196.36949996947502,222.12682542801033,170.6121745109397
2023-08-03,196.13999938964,222.27311307952232,170.00688569975767
2023-08-04,196.15949935912002,222.2629855294545,170.05601318878553
2023-08-07,196.66849975584998,221.98389284304258,171.35310666865738
2023-08-08,196.638999938955,222.0191678488541,171.25883202905592
2023-08-09,195.5769996643,223.2429413326071,167.91105799599288
2023-08-10,193.77399978637,222.5206906397568,165.02730893298323
2023-08-11,191.75449981689002,222.28823345931227,161.22076617446777
2023-08-14,189.81049957275,219.40839094847436,160.21260819702562
2023-08-15,187.15699920653998,213.9905109433752,160.32348746970476
2023-08-16,184.123499298095,208.43218963254202,159.81480896364798
2023-08-17,182.24999923706,210.0983218564034,154.4016766177166
2023-08-18,180.53799972534,211.65384304951203,149.42215640116797
2023-08-21,179.389499664305,211.25150730431457,147.5274920242954
2023-08-22,177.898999786375,210.10176169622753,145.69623787652245
2023-08-23,177.15249938964502,209.04738203479113,145.2576167444989
2023-08-24,175.713999176025,208.40011301983918,143.02788533221081
2023-08-25,173.7004989624,204.4520883411476,142.94890958365238
2023-08-28,171.64999923706,198.89752493743654,144.40247353668346
2023-08-29,170.43049926758002,193.57026985183123,147.2907286833288
2023-08-30,170.41149902344,193.50978288438384,147.31321516249616
2023-08-31,170.40599899292002,193.490838022398,147.32115996344203
2023-09-01,170.203999328615,192.74469512742684,147.66330352980316
2023-09-05,170.041499328615,191.95726843863937,148.12573021859063
2023-09-06,169.909999084475,191.52433295254747,148.29566521640254
2023-09-07,170.210499572755,192.10833342187064,148.31266572363936
2023-09-08,170.52849960327498,192.75650513669393,148.30049406985603
2023-09-11,171.71149978638,195.46685850328163,147.95614106947835
2023-09-12,172.041500091555,196.15697829475516,147.92602188835485
2023-09-13,172.76900024414002,197.36238808969028,148.17561239858975
2023-09-14,173.97850036621,198.38089839986367,149.57610233255633
2023-09-15,175.01350021362,197.28796747476918,152.73903295247084
2023-09-18,176.06350021362,195.3307324499665,156.7962679772735
2023-09-19,176.42500076293499,194.9668491891743,157.88315233669567
2023-09-20,176.35750045775998,195.12886581955885,157.5861350959611
2023-09-21,175.140000915525,197.57482376738943,152.70517806366058
2023-09-22,174.67600097656,198.9284541876736,150.42354776544641
2023-09-25,174.17550125122,199.9135717620546,148.4374307403854
2023-09-26,173.16550140380997,201.99451190954343,144.3364908980765
2023-09-27,171.3870010376,202.9587375865615,139.81526448863846
2023-09-28,169.710501098635,202.40128820515372,137.0197139921163
2023-09-29,168.02900161743497,201.1340168989024,134.92398633596756
2023-10-02,166.68300170899,199.4327665121868,133.9332369057932
2023-10-03,164.56450119019001,196.76734656037036,132.36165582000967
2023-10-04,163.26750183105997,194.8498001407155,131.68520352140445
2023-10-05,162.071501922615,193.12145509585008,131.02154874937992
2023-10-06,161.38950195313,191.45848723247178,131.32051667378823
2023-10-09,160.28400192261,187.40531485386302,133.162688991357
2023-10-10,159.651501464845,185.24849555510752,134.0545073745825
2023-10-11,159.17050170899,183.19542779797922,135.14557562000078
2023-10-12,158.54850158692,180.34787366809604,136.74912950574395
2023-10-13,157.974002075205,178.69898201594484,137.24902213446515
2023-10-16,157.851502227795,178.25613950987122,137.4468649457188
2023-10-17,157.52550201417498,177.2528175075388,137.79818652081116
2023-10-18,157.172502136245,176.91706416366102,137.42794010882895
2023-10-19,157.43700180055,176.85110219503426,138.02290140606576
2023-10-20,157.276501464855,177.04970627046436,137.50329665924562
2023-10-23,157.186501312265,177.08067751643532,137.29232510809467
2023-10-24,157.784500885015,176.67028528066044,138.89871648936958
2023-10-25,157.63300094605,177.04491362498587,138.22108826711414
2023-10-26,156.64550094605,179.64991240739295,133.64108948470704
2023-10-27,155.82800064087502,180.87838087604496,130.77762040570508
2023-10-30,154.972500610355,181.14731626451794,128.7976849561921
2023-10-31,154.62950134277497,181.44753932855338,127.81146335699655
2023-11-01,154.33100128174001,181.28438499375983,127.3776175697202
2023-11-02,154.364000701905,181.31739728846483,127.4106041153452
2023-11-03,154.19900054932,180.9085271655725,127.4894739330675
2023-11-06,153.969000244145,180.25803759992047,127.67996288836954
2023-11-07,154.18500061036,181.04939148678133,127.32060973393865
2023-11-08,154.24500045777,181.29910408450536,127.19089683103466
2023-11-09,154.16500015258998,181.0052891323429,127.32471117283706
2023-11-10,155.292499542235,185.22764608147452,125.35735300299548
2023-11-13,155.999499511715,187.94397908147144,124.05501994195853
2023-11-14,157.58999938964,194.11945425464035,121.06054452463968
2023-11-15,159.73049926757,200.08937867965747,119.37161985548252
2023-11-16,161.85299911498498,205.31927079047065,118.38672743949931
2023-11-17,164.44799957275,209.91432044684373,118.98167869865628
2023-11-20,167.27049942016,215.86165752807392,118.67934131224611
2023-11-21,169.69549942016002,220.6392802605589,118.75171857976112
2023-11-22,172.900499725335,224.14853004968535,121.65246940098467
2023-11-24,176.613499450675,225.13917313052679,128.0878257708232
2023-11-27,180.013499450675,225.32520047832185,134.70179842302815
2023-11-28,183.31149902343,225.50244541524359,141.12055263161642
2023-11-29,186.41799850463002,223.93900392586562,148.89699308339442
2023-11-30,188.98949813842,222.42445171143518,155.55454456540483
2023-12-01,191.13549880980503,220.56838008849707,161.702617531113
2023-12-04,192.52549896239,218.61015182575963,166.44084609902038
2023-12-05,194.04099960326,216.20046105339586,171.88153815312413
2023-12-06,194.76099929807998,214.89162333434598,174.63037526181398
2023-12-07,195.90099945067,213.79179065474324,178.0102082465968
2023-12-08,197.55649948119,211.17110543123368,183.94189353114632
2023-12-11,198.59349975585002,211.1416752900346,186.04532422166542
2023-12-12,200.020499420155,211.8606239612853,188.1803748790247
2023-12-13,201.17799911498,215.65378369295138,186.70221453700862
2023-12-14,202.40649948119,219.16524809319432,185.64775086918567
2023-12-15,203.82199935912,223.10448197690184,184.5395167413382
2023-12-18,205.7289993286,229.33082458031248,182.1271740768875
2023-12-19,207.3664993286,235.32183572282423,179.4111629343758
2023-12-20,208.5664993286,237.9723234637982,179.1606751934018
2023-12-21,210.19199905393998,242.13598903675276,178.2480090711272
2023-12-22,211.758499145495,245.29201589815017,178.22498239283982
2023-12-26,213.607999420155,248.86046467744077,178.35553416286925
2023-12-27,215.33999938963498,252.14218747818757,178.5378113010824
2023-12-28,217.16749954222496,254.73968495338423,179.5953141310657
2023-12-29,218.81049957273999,256.1000984915752,181.52090065390476
2024-01-02,219.758499145495,255.71797356664163,183.79902472434836
2024-01-03,220.707498931875,254.26514811458253,187.14984974916746
2024-01-04,221.28649826049005,253.23590766882702,189.33708885215307
2024-01-05,222.343498229975,250.7857943051264,193.90120215482364
2024-01-08,223.722998046865,249.73808784744796,197.70790824628205
2024-01-09,224.89999847411,249.15610543394592,200.64389151427406
2024-01-10,226.32799835204,249.0259505603875,203.63004614369248
2024-01-11,227.512498474115,249.55606232020006,205.46893462802996
2024-01-12,228.239998626705,250.10059218840607,206.3794050650039
2024-01-16,228.75549850463503,250.3792198981394,207.13177711113065
2024-01-17,228.87099914550504,250.432598167961,207.30940012304907
2024-01-18,228.91699905395498,250.54090272531704,207.29309538259292
2024-01-19,229.541499328615,253.05470893367783,206.02828972355218
2024-01-22,230.81449966431,256.6627588899454,204.9662404386746
2024-01-23,231.96600036621504,260.8500026198237,203.08199811260639
2024-01-24,233.96100006103998,268.54080132601626,199.3811987960637
2024-01-25,235.60750045776498,274.0694019321325,197.14559898339743
2024-01-26,237.112500000005,278.45519375698063,195.7698062430294
2024-01-29,239.35200042725,285.5244961026797,193.17950475182033
2024-01-30,241.45200119019,290.1390034080059,192.76499897237412
2024-01-31,243.209501647955,290.6344641042223,195.7845391916877
2024-02-01,245.909500885015,291.19355653680657,200.62544523322345
2024-02-02,250.688001251225,297.9998963762425,203.3761061262075
2024-02-05,255.231501007085,302.9721831106896,207.49081890348037
2024-02-06,258.674000549325,307.2938212214993,210.05417987715072
2024-02-07,262.811500549325,314.1475060950129,211.47549500363712
2024-02-08,266.746000671395,320.71740623575545,212.77459510703454
2024-02-09,271.419001007085,330.09841590775955,212.73958610641043
2024-02-12,275.759500885015,335.5666655980388,215.95233617199113
2024-02-13,279.55500106811996,337.06764389790567,222.04235823833426
2024-02-14,284.475500488285,339.93407366054265,229.0169273160273
2024-02-15,289.01149978638,342.69086466404053,235.33213490871944
2024-02-16,292.271999359135,344.30287947208353,240.24111924618649
2024-02-20,294.56899948120497,343.3791549931582,245.75884396925179
2024-02-21,296.403499603275,342.4278856494807,250.37911355706936
2024-02-22,299.556999969485,347.8300295406341,251.2839703983359
2024-02-23,302.74599990845,351.69261339270633,253.79938642419367
2024-02-26,306.00950088501,354.3366101429739,257.6823916270462
2024-02-27,308.78050003052005,357.9109131827931,259.650086878247
2024-02-28,311.57599868775003,358.9169450138081,264.23505236169194
2024-02-29,315.105497741705,353.2946512620468,276.9163442213632
2024-03-01,319.05399780274,350.1582640451959,287.94973156028414
2024-03-04,320.58249816895,350.8938663139922,290.2711300239078
2024-03-05,321.049998474125,350.25800308876745,291.84199385948256
2024-03-06,321.90349884033503,348.7199545914711,295.08704308919897
2024-03-07,323.08949890137,349.7703259025912,296.4086719001488
2024-03-08,323.03799896240497,349.80871434310217,296.2672835817078
2024-03-11,321.66049804688,349.87305809410185,293.4479379996581
2024-03-12,321.709498596195,349.9180727914153,293.50092440097467
2024-03-13,322.05199890137,349.67863195519703,294.42536584754293
2024-03-14,321.31399841308996,349.325215083219,293.3027817429609
2024-03-15,319.93699951172005,349.4353541156129,290.4386449078272
2024-03-18,319.791999816895,349.38157996178296,290.202419672007
2024-03-19,320.704499816895,348.75795276855473,292.6510468652353
2024-03-20,322.547999572755,348.7527809670357,296.3432181784743
2024-03-21,322.305000305175,348.011381557838,296.598619052512
2024-03-22,322.50449981689496,348.69869774873195,296.310301885058
2024-03-25,322.623500061035,349.0736484566841,296.17335166538584
2024-03-26,322.35599975585995,348.23380959172596,296.47818991999395
2024-03-27,322.38399963379004,348.3014600836369,296.46653918394315
2024-03-28,322.61900024414,348.6183564606989,296.6196440275811
2024-04-01,322.15900115966497,347.0305414328764,297.2874608864535
2024-04-02,321.75050048828,346.2541619788313,297.24683899772873
2024-04-03,322.740000915525,346.6341387775121,298.8458630535379
2024-04-04,322.974000549315,346.4879417307533,299.46005936787674
2024-04-05,322.752500915525,345.9247726529662,299.58022917808375
2024-04-08,323.72900085449,346.5426059466016,300.91539576237835
2024-04-09,325.25450134276997,345.8495214141213,304.65948127141866
2024-04-10,325.52550048828004,346.0622635808891,304.98873739567097
2024-04-11,327.458000183105,350.5580392434456,304.35796112276444
2024-04-12,328.75150146484003,350.81203659443645,306.6909663352436
2024-04-15,329.29750061034997,348.6863993458168,309.9086018748831
2024-04-16,329.05650024414,349.3449652031682,308.7680352851118
2024-04-17,328.023500061035,352.4053310146561,303.6416691074139
2024-04-18,325.84349975586,355.37810423667224,296.3088952750478
2024-04-19,322.10899963378995,364.2311136092261,279.9868856583538
2024-04-22,318.27549896240504,367.1578157927556,269.39318213205445
2024-04-23,315.421998596195,366.27602394858286,264.56797324380716
2024-04-24,313.09499969482505,364.7933159582178,261.3966834314323
2024-04-25,310.602000427245,363.38902822752755,257.81497262696246
2024-04-26,309.529499816895,361.7826432316348,257.2763564021552
2024-04-29,308.625,359.8120708492107,257.4379291507893
2024-04-30,307.107499694825,358.28099504506355,255.9340043445864
2024-05-01,305.06100006103503,355.88800552456235,254.23399459750772
2024-05-02,304.255500793455,354.8593626903818,253.65163889652823
2024-05-03,303.772999572755,353.55273127373965,253.9932678717703
2024-05-06,304.081999206545,354.64391755685796,253.52008085623203
2024-05-07,304.07049865723,354.6055378822742,253.53545943218586
2024-05-08,304.27749938964996,355.2409682018322,253.31403057746775
2024-05-09,303.07649993896496,350.2256100477935,255.9273898301364
2024-05-10,302.66149902344,348.69633605436803,256.62666199251197
2024-05-13,303.831498718265,351.84152561273856,255.82147182379143
2024-05-14,305.57049865722996,356.807368333173,254.33362898128695
2024-05-15,308.58599853516,364.6204906759456,252.55150639437443
2024-05-16,311.731498718265,370.37520458758684,253.08779284894322
2024-05-17,316.436497497565,371.92673775950993,260.94625723562
2024-05-20,321.340498352055,374.14282648724395,268.5381702168661
2024-05-21,325.773997497565,378.89627529215755,272.65171970297246
2024-05-22,329.495497131355,381.46981286763764,277.5211813950724
2024-05-23,333.09049682618,380.8634067268725,285.31758692548755
2024-05-24,336.30399780274,384.9157516443434,287.6922439611366
2024-05-28,339.37849731446005,389.92598647241545,288.83100815650465
2024-05-29,343.45049743653,391.24528591109146,295.6557089619685
2024-05-30,346.663496398935,386.67558870775065,306.6514040901194
2024-05-31,348.81849670411003,382.3532705562306,315.28372285198947
2024-06-03,350.39099731446004,380.9659034393593,319.8160911895608
2024-06-04,351.205998229985,381.1608591259237,321.25113733404635
2024-06-05,353.4049987793,383.88216033886744,322.92783721973257
2024-06-06,355.631498718265,385.77983295368557,325.4831644828444
2024-06-07,357.824998474125,386.035212986511,329.61478396173896
2024-06-10,360.12349853515997,385.60880501482706,334.6381920554929
2024-06-11,362.78649902344,387.8167768992146,337.7562211476654
2024-06-12,365.99899902344,396.70438515313947,335.2936128937405
2024-06-13,369.42399902344,409.873247630904,328.97475041597596
2024-06-14,373.49199829101997,422.4237254874377,324.56027109460223
2024-06-17,378.753999328615,439.24595574986836,318.26204290736166
2024-06-18,383.30549926758,451.3605281148149,315.2504704203451
2024-06-20,386.57799987793,457.9116268577876,315.24437289807236
2024-06-21,389.92799987793,462.48637292639273,317.3696268294673
2024-06-24,392.63800048828,463.48034678844556,321.79565418811444
2024-06-25,395.39600067138497,466.7907434677455,324.00125787502446
2024-06-26,398.89850006103495,473.1044945696859,324.692505552384
2024-06-27,402.93800048828,480.2240276414049,325.6519733351551
2024-06-28,407.59700012206997,483.1509562508219,332.04304399331807
2024-07-01,414.1125,488.6944495909859,339.5305504090141
2024-07-02,421.451499938965,498.72281076737085,344.1801891105592
2024-07-03,429.8674987793,512.4503802613914,347.28461729720857
2024-07-05,438.219000244145,531.0162073765938,345.4217931116961
2024-07-08,446.5009994506901,545.191249124129,347.8107497772512
2024-07-09,455.20650024415,557.0916468315894,353.3213536567106
2024-07-10,464.46300201417,569.0401661184799,359.88583790986013
2024-07-11,470.18150177002997,569.3030422174143,371.0599613226457
2024-07-12,474.761001586925,570.2227373329044,379.29926584094545
2024-07-15,478.652001953135,572.067285354953,385.23671855131704
2024-07-16,482.07550201416996,573.6425992138376,390.5084048145024
2024-07-17,481.78600158692495,573.7189262799678,389.8530768938821
2024-07-18,481.49350128175,573.8628497358163,389.12415282768364
2024-07-19,481.33100128175,574.0610289727989,388.6009735907011
2024-07-22,482.8590011596801,572.8557296491377,392.8622726702224
2024-07-23,485.494000244155,569.0697852703439,401.91821521796606
2024-07-24,483.44949951173504,574.8889367025888,392.0100623208813
2024-07-25,480.06199951173494,581.7775512009473,378.3464478225226
2024-07-26,476.55399932863,586.4175982498484,366.69040040741163
2024-07-29,473.90099945069994,589.3807612057012,358.42123769569866
2024-07-30,468.77599945070006,593.1166809989005,344.4353179024996
2024-07-31,464.40999908449004,590.5812776536358,338.2387205153443
2024-08-01,457.13000030519004,586.1290481444776,328.1309524659025
2024-08-02,447.12849884034506,579.0693344561325,315.18766322455764
2024-08-05,435.15000000001,574.3687521482166,295.93124785180333
2024-08-06,423.50649871827,562.4126304620582,284.60036697448174
2024-08-07,410.63149719239,544.0794288492734,277.18356553550655
2024-08-08,402.29699707032,532.6532222883812,271.94077185225876
2024-08-09,394.50699768067,518.810163376877,270.203831984463
2024-08-12,386.545997619635,501.40736857243076,271.6846266668392
2024-08-13,380.26099853515996,481.2734362166356,279.2485608536843
2024-08-14,376.48349914551,471.76688139448396,281.20011689653603
2024-08-15,374.30549926758,464.76162931121706,283.8493692239429
2024-08-16,373.10549926758,460.9951949830893,285.2158035520707
2024-08-19,371.591499328615,454.1655536371127,289.0174450201173
2024-08-20,369.94400024414,446.1339066082827,293.7540938799973
2024-08-21,372.41999969482504,453.6006568277871,291.239342561863
2024-08-22,372.9625,454.4530264159989,291.47197358400103
2024-08-23,373.94400024414006,456.5042323118383,291.38376817644183
2024-08-26,373.90150146483995,456.42335650484983,291.37964642483007
2024-08-27,374.79850158691,457.5703280817847,292.0266750920353
2024-08-28,372.82950134276996,453.8852050561392,291.7737976294007
2024-08-29,372.489500427245,453.54272259329053,291.43627826119945
2024-08-30,374.71999969482505,454.8057613583959,294.6342380312542
2024-09-03,376.96199951172,450.7111429311098,303.21285609233024
2024-09-04,378.747999572755,447.62370304680513,309.8722960987049
2024-09-05,381.78649902344,441.1114469462535,322.4615511006265
2024-09-06,380.88949890137,443.6524872187375,318.1265105840025
2024-09-09,380.18899841308996,444.96598615875826,315.41201066742167
2024-09-10,380.17999877930004,444.9778520008325,315.38214555776756
2024-09-11,379.85449829102004,444.7840348591733,314.9249617228668
2024-09-12,380.4724975586,445.4807956676651,315.46419944953493
2024-09-13,380.0474975586,444.5586869069723,315.53630821022773
2024-09-16,378.88749694825003,442.1809257827085,315.59406811379154
2024-09-17,376.85799713135503,435.94626938548913,317.76972487722094
2024-09-18,374.59049682618,428.79950691661315,320.3814867357469
2024-09-19,373.96099700928505,425.51148733270054,322.41050668586956
2024-09-20,375.33799743653,429.9756395121499,320.70035536091007
2024-09-23,375.74499816895,431.40892729565957,320.0810690422405
2024-09-24,377.10649719239,435.62113680546435,318.5918575793157
2024-09-25,378.47349700928504,439.3664668358661,317.580527182704
2024-09-26,380.57949829102,443.2823773672866,317.8766192147534
2024-09-27,382.346998596195,445.7124269072098,318.9815702851802
2024-09-30,383.44549865723,447.9466544294444,318.94434288501566
2024-10-01,385.572499084475,447.7247782515959,323.4202199173541
2024-10-02,387.90499877929994,447.81835672522504,327.99164083337484
2024-10-03,389.825,448.80477779823633,330.84522220176365
2024-10-04,395.19400024414006,445.0242536627099,345.3637468255702
2024-10-07,398.939500427245,438.2936955459665,359.58530530852346
2024-10-08,403.21149902344,435.5754740704202,370.8475239764598
2024-10-09,406.713499450685,439.3440477093796,374.0829511919904
2024-10-10,409.83600006103495,446.72553991691035,372.94646020515955
2024-10-11,412.66900024413997,452.98168281827424,372.3563176700057
2024-10-14,416.09800109863,457.7169918545961,374.4790103426639
2024-10-15,418.40800170898,458.4881481576288,378.3278552603312
2024-10-16,421.0025024414,457.7377074606905,384.2672974221095
2024-10-17,421.801502990715,459.22696351073876,384.37604247069123
2024-10-18,423.62850341796,463.49149051821104,383.765516317709
2024-10-21,426.05650329588997,468.90505418150616,383.2079524102738
2024-10-22,428.34800415038,474.27086098833615,382.42514731242386
2024-10-23,429.14800415037996,474.73087426900577,383.56513403175416
2024-10-24,430.67200317382003,476.0474649222669,385.29654142537316
2024-10-25,432.867002868645,477.1978806446989,388.5361250925911
2024-10-28,434.86750335692506,478.3771157961205,391.3578909177296
2024-10-29,438.98500213622503,479.7880682605162,398.1819360119339
2024-10-30,442.67750244139995,480.4096037149254,404.9454011678745
2024-10-31,443.7975021362249,477.4555664705947,410.13943780185514
2024-11-01,444.45450286864497,476.99464297884924,411.9143627584407
2024-11-04,445.726502990715,473.3780522600693,418.0749537213607
2024-11-05,446.883503723135,473.66241610065646,420.1045913456135
2024-11-06,449.27150268554,481.61887100437093,416.92413436670904
2024-11-07,452.89350280761,499.1672973593609,406.6197082558591
2024-11-08,456.035002136225,509.6232367148049,402.4467675576451
2024-11-11,459.14450225829495,518.7222757757879,399.5667287408019
2024-11-12,463.73600006103004,529.0015217477517,398.4704783743084
2024-11-13,468.40999908447003,537.9265577617495,398.89344040719067
2024-11-14,472.47549896239997,543.7458924451863,401.2051054796136
2024-11-15,473.69399871826,544.4101170656184,402.97788037090163
2024-11-18,474.91199798584,545.561148026956,404.2628479447241
2024-11-19,477.31299896240506,549.6809116025837,404.9450863222264
2024-11-20,481.05749816895,551.300492983211,410.814503354689
2024-11-21,484.19449920654495,552.9981646159813,415.39083379710854
2024-11-22,487.21199951172,554.7335837807813,419.69041524265873
2024-11-25,489.723500061035,555.0541161827009,424.3928839393691
2024-11-26,491.91750183105506,557.6202901665658,426.2147134955443
2024-11-27,493.13000183105504,558.0197519140889,428.2402517480212
2024-11-29,497.35000152588,553.6036694837962,441.0963335679637
