Date,MACD,Signal_Line
2021-01-04,0.0,0.0
2021-01-05,0.6222212484444753,0.12444424968889507
2021-01-06,-0.697830736595904,-0.04001074756806473
2021-01-07,-0.2515151018292272,-0.08231161842029723
2021-01-08,2.2341357272914024,0.3809778507220427
2021-01-11,1.2739570901991328,0.5595736986174608
2021-01-12,1.099868319148527,0.667632622723674
2021-01-13,1.623417919168105,0.8587896820125602
2021-01-14,1.7055922385422377,1.0281501933184958
2021-01-15,0.8618747420137538,0.9948951030575475
2021-01-19,1.6859485769135176,1.1331057978287415
2021-01-20,5.69950164108036,2.0463849664790654
2021-01-21,8.846079941772075,3.4063239615376677
2021-01-22,11.355723582799783,4.9962038857900914
2021-01-25,13.773299288702333,6.7516229663725404
2021-01-26,15.793640542754815,8.560026481648997
2021-01-27,14.52417980968761,9.75285714725672
2021-01-28,13.632901867947908,10.528866091394956
2021-01-29,10.883065019418495,10.599705876999664
2021-02-01,10.862159790873648,10.652196659774463
2021-02-02,11.946497665188929,10.911056860857355
2021-02-03,13.033240456352303,11.335493579956346
2021-02-04,14.834613255834142,12.035317515131906
2021-02-05,16.731019392985615,12.974457890702649
2021-02-08,18.831040782176217,14.145774468997363
2021-02-09,21.246943602109866,15.566008295619863
2021-02-10,24.419667190678865,17.336740074631663
2021-02-11,27.15681782816887,19.300755625339107
2021-02-12,29.60128952091037,21.36086240445336
2021-02-16,32.16033287026727,23.520756497616144
2021-02-17,32.36288440756658,25.28918207960623
2021-02-18,30.98012028600266,26.42736972088552
2021-02-19,30.660517395478166,27.27399925580405
2021-02-22,27.412277077010515,27.301654820045346
2021-02-23,24.435310706963037,26.728385997428887
2021-02-24,21.569192939479024,25.696547385838915
2021-02-25,16.07045036078381,23.771327980827895
2021-02-26,11.595132630646106,21.33608891079154
2021-03-01,10.325923045134914,19.134055737660212
2021-03-02,7.466845673915145,16.8006137249112
2021-03-03,2.1423048457696154,13.868951949082884
2021-03-04,-4.0560373708147495,10.283954085103359
2021-03-05,-8.32361657843137,6.562439952396414
2021-03-08,-15.01845789776712,2.246260382363707
2021-03-09,-16.454946103830537,-1.4939809148751417
2021-03-10,-18.278349645568767,-4.850854661013867
2021-03-11,-16.87414094555089,-7.255511917921272
2021-03-12,-16.818146768094664,-9.168038887955952
2021-03-15,-15.67321567130034,-10.46907424462483
2021-03-16,-14.645441473563494,-11.304347690412563
2021-03-17,-12.436838424355813,-11.530845837201214
2021-03-18,-13.181244310322938,-11.860925531825561
2021-03-19,-13.478641175290647,-12.18446866051858
2021-03-22,-12.776276260649468,-12.302830180544756
2021-03-23,-12.295777358162525,-12.30141961606831
2021-03-24,-14.164379983477204,-12.67401168955009
2021-03-25,-16.95072740706479,-13.52935483305303
2021-03-26,-18.637458308519797,-14.550975528146385
2021-03-29,-19.19615157223501,-15.480010736964111
2021-03-30,-19.08007094384965,-16.200022778341218
2021-03-31,-17.758583924227594,-16.511735007518496
2021-04-01,-15.579541819421365,-16.32529636989907
2021-04-05,-12.306736761867512,-15.52158444829276
2021-04-06,-9.043920984446459,-14.2260517555235
2021-04-07,-6.009591896028894,-12.58275978362458
2021-04-08,-2.49483534192359,-10.565174895284382
2021-04-09,0.27136708528615827,-8.397866499170275
2021-04-12,3.4167228042193756,-6.034948638492345
2021-04-13,7.30990404376854,-3.3659781020401685
2021-04-14,8.481941720979194,-0.9963941374362961
2021-04-15,10.595850785523453,1.3220548471556537
2021-04-16,11.820186285539307,3.4216811348323843
2021-04-19,11.543866795961549,5.046118267058217
2021-04-20,10.342260902475061,6.105346794141586
2021-04-21,9.490379154837797,6.782353266280828
2021-04-22,7.334739525454381,6.892830518115539
2021-04-23,6.878500618952273,6.889964538282886
2021-04-26,6.913318230998129,6.894635276825936
2021-04-27,6.311383435546929,6.777984908570135
2021-04-28,6.015151436705651,6.625418214197238
2021-04-29,5.985736689337671,6.497481909225325
2021-04-30,4.522399112159405,6.1024653498121415
2021-05-03,2.3591295934396044,5.353798198537635
2021-05-04,-0.702794321733279,4.142479694483452
2021-05-05,-3.5484303364957555,2.6042976882876103
2021-05-06,-5.482207661047596,0.9869966184205692
2021-05-07,-6.703461520037763,-0.5510950092710973
2021-05-10,-10.056826093092297,-2.4522412260353375
2021-05-11,-12.306251435011575,-4.423043267830585
2021-05-12,-15.627523860913982,-6.6639393864472645
2021-05-13,-18.418520990764364,-9.014855707310685
2021-05-14,-18.967382237612867,-11.005361013371122
2021-05-17,-19.13338549412248,-12.630965909521393
2021-05-18,-19.436283450434928,-13.992029417704101
2021-05-19,-19.48401011861887,-15.090425557887055
2021-05-20,-17.871441847757694,-15.646628815861185
2021-05-21,-16.867050026721017,-15.890713058033151
2021-05-24,-14.499880127906351,-15.612546472007793
2021-05-25,-12.2407027983175,-14.938177737269735
2021-05-26,-9.916383527274263,-13.93381889527064
2021-05-27,-7.998281400949452,-12.746711396406404
2021-05-28,-6.188963174028913,-11.435161751930906
2021-06-01,-4.493468769478341,-10.046823155440393
2021-06-02,-3.0819739961697223,-8.65385332358626
2021-06-03,-2.9780168490342476,-7.518686028675858
2021-06-04,-1.4666200317738571,-6.308272829295458
2021-06-07,-0.09824175322199835,-5.066266614080766
2021-06-08,0.815424895252761,-3.889928312214061
2021-06-09,1.314560102807036,-2.849030629209842
2021-06-10,2.185227577058299,-1.8421789879562138
2021-06-11,3.0738101246733436,-0.8589811654303023
2021-06-14,4.708184204136103,0.2544519084829787
2021-06-15,5.0974153580839925,1.2230445984031817
2021-06-16,5.224620218207519,2.0233597223640496
2021-06-17,6.573003935481324,2.933288564987505
2021-06-18,7.291274573129158,3.8048857666158358
2021-06-21,7.9623857145896295,4.636385756210595
2021-06-22,9.474368680524947,5.603982341073466
2021-06-23,11.651854432986795,6.813556759456132
2021-06-24,14.222228120152181,8.295291031595342
2021-06-25,16.592495503314183,9.954731925939111
2021-06-28,19.72028241659143,11.907842024069575
2021-06-29,22.121594705140865,13.950592560283834
2021-06-30,23.208417617752104,15.802157571777489
2021-07-01,23.771500574456013,17.396026172313192
2021-07-02,24.420394622307242,18.800899862312
2021-07-06,24.61060625954326,19.962841141758254
2021-07-07,23.705382008533945,20.71134931511339
2021-07-08,21.37786383003339,20.844652218097394
2021-07-09,20.46738247844428,20.769198270166775
2021-07-12,20.35042744138218,20.685444104409857
2021-07-13,20.130585028978714,20.57447228932363
2021-07-14,19.6890494063951,20.397387712737924
2021-07-15,18.105633920263813,19.939036954243104
2021-07-16,15.023406585884402,18.955910880571366
2021-07-19,11.942763763651158,17.553281457187325
2021-07-20,10.310433760321416,16.104711917814143
2021-07-21,9.448516385247387,14.773472811300792
2021-07-22,9.104296032864681,13.63963745561357
2021-07-23,9.345101049272955,12.780730174345448
2021-07-26,8.326415343037013,11.889867208083762
2021-07-27,6.196944600623851,10.75128268659178
2021-07-28,5.917763477084975,9.78457884469042
2021-07-29,5.687434357183179,8.965149947188973
2021-07-30,4.4928733059190336,8.070694618934985
2021-08-02,3.9764200331859456,7.251839701785177
2021-08-03,3.4068179530311795,6.482835352034378
2021-08-04,3.4960818944878724,5.885484660525077
2021-08-05,4.172330974888553,5.5428539233977725
2021-08-06,3.6893651695114613,5.17215617262051
2021-08-09,3.4444286585122086,4.82661066979885
2021-08-10,2.6468918321393744,4.390666902266955
2021-08-11,1.5531305940166362,3.8231596406168915
2021-08-12,0.8539952063703709,3.2293267537675874
2021-08-13,0.025280402894054532,2.588517483592881
2021-08-16,-1.437959425805559,1.7832221017131928
2021-08-17,-4.163426990447022,0.5938922832811501
2021-08-18,-6.674111848021425,-0.859708542979365
2021-08-19,-8.82038357379605,-2.451843549142702
2021-08-20,-9.515947731616052,-3.864664385637372
2021-08-23,-8.053887031530735,-4.702508914816045
2021-08-24,-5.723737223993453,-4.906754576651527
2021-08-25,-3.7531214235127663,-4.676027946023774
2021-08-26,-2.900325158469343,-4.3208873885128884
2021-08-27,-1.3136572256521504,-3.7194413559407407
2021-08-30,1.3085321798330938,-2.713846648785974
2021-08-31,3.714991650480215,-1.4280789889327363
2021-09-01,6.7227311340244,0.2020830356586909
2021-09-02,8.444205303365095,1.8505074891999718
2021-09-03,10.071638115761687,3.494733614512315
2021-09-07,12.532199737271753,5.302226839064203
2021-09-08,13.144524978468837,6.870686466945131
2021-09-09,13.043700641783175,8.10528930191274
2021-09-10,12.090137076074654,8.902258856745123
2021-09-13,10.622926131436031,9.246392311683305
2021-09-14,8.857757465887971,9.168665342524239
2021-09-15,7.996068706100914,8.934146015239573
2021-09-16,7.118152715024337,8.570947355196527
2021-09-17,5.942370152904346,8.04523191473809
2021-09-20,2.145475489113437,6.86528062961316
2021-09-21,-0.41500295675251664,5.409223912340026
2021-09-22,-1.3793093977386661,4.051517250324287
2021-09-23,-1.2336309441267872,2.9944876114340726
2021-09-24,-1.2570033959280522,2.144189409961648
2021-09-27,-1.3806484405479864,1.4392218398597212
2021-09-28,-3.655519647124379,0.42027354246290116
2021-09-29,-5.994458402736996,-0.8626728465770783
2021-09-30,-7.623033851131652,-2.214745047487993
2021-10-01,-8.588750246288328,-3.48954608724806
2021-10-04,-11.520992433419167,-5.095835356482282
2021-10-05,-12.10755361154827,-6.49817900749548
2021-10-06,-11.822863978047678,-7.56311600160592
2021-10-07,-9.805822331840147,-8.011657267652765
2021-10-08,-7.730866775605364,-7.955499169243285
2021-10-11,-6.463812433243561,-7.65716182204334
2021-10-12,-5.836190798250698,-7.292967617284813
2021-10-13,-4.320690191937217,-6.698512132215294
2021-10-14,-2.0789648403647334,-5.774602673845182
2021-10-15,0.2833998013671817,-4.5630021788027095
2021-10-18,3.9338751522755047,-2.8636267125870667
2021-10-19,8.272750912357196,-0.6363511875982142
2021-10-20,11.266768009995417,1.7442726519205123
2021-10-21,14.497215637108127,4.294861248958036
2021-10-22,15.522812721733658,6.540451543513161
2021-10-25,17.71297830088764,8.774956894988058
2021-10-26,18.884041287696277,10.796773773529702
2021-10-27,18.884344700851784,12.41428795899412
2021-10-28,19.96168487637982,13.923767342471262
2021-10-29,20.809609770586974,15.300935828094406
2021-11-01,23.159299450708374,16.8726085526172
2021-11-02,23.44399210721707,18.186885263537178
2021-11-03,25.14688196822283,19.578884604474307
2021-11-04,27.662286563680652,21.19556499631558
2021-11-05,28.384473544279444,22.633346705908355
2021-11-08,28.778386235417713,23.86235461181023
2021-11-09,26.892382292452908,24.468360147938764
2021-11-10,24.071240943492455,24.388936307049505
2021-11-11,22.607710526016376,24.03269115084288
2021-11-12,22.304288320272804,23.687010584728867
2021-11-15,21.525204471957863,23.254649362174668
2021-11-16,21.451275076030697,22.893974504945874
2021-11-17,20.14376551739224,22.343932707435147
2021-11-18,18.746216090329142,21.62438938401395
2021-11-19,18.418833473236077,20.983278201858376
2021-11-22,16.1655417846448,20.01973091841566
2021-11-23,13.186860272954846,18.6531567893235
2021-11-24,11.739894868947545,17.27050440524831
2021-11-26,8.533983974982277,15.523200319195103
2021-11-29,7.504463252656478,13.919452905887379
2021-11-30,5.0807128439777784,12.151704893505459
2021-12-01,0.30790978994201623,9.782945872792771
2021-12-02,-3.3392472961651265,7.158507239001192
2021-12-03,-9.389421682190232,3.848921454762908
2021-12-06,-12.17187405290855,0.6447623532286162
2021-12-07,-11.421124496600612,-1.7684150167372295
2021-12-08,-10.048643106950806,-3.424460634779945
2021-12-09,-10.69358055828559,-4.878284619481073
2021-12-10,-10.837693028040349,-6.070166301192929
2021-12-13,-13.331938002890467,-7.522520641532438
2021-12-14,-15.349573210492224,-9.087931155324396
2021-12-15,-15.23177041377005,-10.316699007013527
2021-12-16,-17.821735262602886,-11.8177062581314
2021-12-17,-19.759493728359587,-13.406063752177037
2021-12-20,-22.647942740239046,-15.254439549789439
2021-12-21,-22.13207817160054,-16.62996727415166
2021-12-22,-20.550336747213066,-17.41404116876394
2021-12-23,-18.23130424124895,-17.57749378326094
2021-12-27,-15.065894513872536,-17.07517392938326
2021-12-28,-13.052358180299848,-16.27061077956658
2021-12-29,-12.09984654879645,-15.436457933412557
2021-12-30,-10.027080826714894,-14.354582512073025
2021-12-31,-9.517342327320932,-13.387134475122608
2022-01-03,-7.023188081638239,-12.114345196425734
2022-01-04,-6.5685309386317385,-11.005182344866936
2022-01-05,-9.128916015323227,-10.629929078958195
2022-01-06,-10.536294619975195,-10.611202187161595
2022-01-07,-12.05334384959167,-10.89963051964761
2022-01-10,-12.960963935210373,-11.311897202760164
2022-01-11,-12.295869458578807,-11.508691653923893
2022-01-12,-10.589645442037465,-11.324882411546609
2022-01-13,-12.283177674752551,-11.516541464187798
2022-01-14,-12.728160566757197,-11.758865284701677
2022-01-18,-14.949976268290698,-12.397087481419483
2022-01-19,-17.230318423391964,-13.36373366981398
2022-01-20,-18.964143144654884,-14.483815564782162
2022-01-21,-24.023246838861894,-16.39170181959811
2022-01-24,-28.33538412306558,-18.780438280291605
2022-01-25,-32.65930569859876,-21.556211763953037
2022-01-26,-35.85030605480051,-24.415030622122533
2022-01-27,-38.82729763495519,-27.297484024689066
2022-01-28,-39.12975700149167,-29.66393862004959
2022-01-31,-35.58633025603291,-30.848416947246253
2022-02-01,-31.64676422747084,-31.00808640329117
2022-02-02,-28.271357145811407,-30.46074055179522
2022-02-03,-28.990097788992102,-30.166611999234597
2022-02-04,-28.10603307593999,-29.754496214575678
2022-02-07,-28.305628478095286,-29.464722667279602
2022-02-08,-27.038580433174275,-28.97949422045854
2022-02-09,-24.230055181926502,-28.029606412752138
2022-02-10,-23.10964303143976,-27.045613736489663
2022-02-11,-23.962771482979292,-26.42904528578759
2022-02-14,-24.062940496346414,-25.955824327899357
2022-02-15,-22.168053405862565,-25.198270143492
2022-02-16,-20.359033483901044,-24.23042281157381
2022-02-17,-20.735908744946585,-23.531519998248367
2022-02-18,-21.927638022317893,-23.210743603062273
2022-02-22,-23.895772410034795,-23.347749364456778
2022-02-23,-26.70504292977725,-24.019208077520872
2022-02-24,-27.173786419411613,-24.650123745899023
2022-02-25,-26.664981776449252,-25.05309535200907
2022-02-28,-25.62742751514881,-25.16796178463702
2022-03-01,-24.72190862079495,-25.078751151868605
2022-03-02,-23.379728679106933,-24.738946657316273
2022-03-03,-23.306172474598014,-24.452391820772625
2022-03-04,-23.95616469230191,-24.353146395078483
2022-03-07,-26.035147440880138,-24.689546604238814
2022-03-08,-27.654463215790344,-25.28252992654912
2022-03-09,-26.8849299233093,-25.60300992590116
2022-03-10,-26.845154656137993,-25.851438871948528
2022-03-11,-28.23114020187856,-26.327379137934535
2022-03-14,-30.37536114124822,-27.136975538597277
2022-03-15,-30.83165548244955,-27.87591152736773
2022-03-16,-27.256027256812416,-27.75193467325667
2022-03-17,-23.880751027388328,-26.977697944083005
2022-03-18,-19.344785065418023,-25.45111536835001
2022-03-21,-15.953418414839376,-23.551575977647886
2022-03-22,-11.295755770910887,-21.100411936300485
2022-03-23,-7.868861201635752,-18.45410178936754
2022-03-24,-4.3284862094556615,-15.628978673385166
2022-03-25,-1.712768554785157,-12.845736649665165
2022-03-28,1.4410023858174839,-9.988388842568636
2022-03-29,4.74904609213786,-7.040901855627337
2022-03-30,6.473021855880177,-4.3381171133258345
2022-03-31,6.1545068917936305,-2.2395923123019417
2022-04-01,6.153909619169752,-0.5608919260076028
2022-04-04,8.32490757486707,1.2162679741673317
2022-04-05,7.968567508255347,2.566727880984935
2022-04-06,5.668089722213068,3.187000249230562
2022-04-07,3.3863128999826415,3.226862779380978
2022-04-08,0.6585808112051552,2.713206385745814
2022-04-11,-2.8820478146028847,1.594155545676074
2022-04-12,-5.918357203181841,0.09165299590449094
2022-04-13,-7.3921795765336356,-1.4051135185831345
2022-04-14,-9.858653748515422,-3.095821564569592
2022-04-18,-11.567046777572216,-4.790066607170116
2022-04-19,-12.063742124518996,-6.2448017106398925
2022-04-20,-14.89204956074775,-7.9742512806614645
2022-04-21,-17.895514936018174,-9.958504011732806
2022-04-22,-20.690874164944972,-12.10497804237524
2022-04-25,-22.36597470994522,-14.157177375889237
2022-04-26,-24.883321822440024,-16.302406265199394
2022-04-27,-26.587985877129228,-18.359522187585362
2022-04-28,-26.3601527890398,-19.95964830787625
2022-04-29,-26.758743357755634,-21.31946731785213
2022-05-02,-25.952411501391623,-22.24605615456003
2022-05-03,-24.993007087628484,-22.795446341173722
2022-05-04,-22.959365980756132,-22.828230269090206
2022-05-05,-23.162531517833855,-22.895090518838938
2022-05-06,-23.61615088143799,-23.039302591358748
2022-05-09,-25.082477358047043,-23.44793754469641
2022-05-10,-25.65828907987185,-23.8900078517315
2022-05-11,-26.718446209879616,-24.455695523361126
2022-05-12,-27.30041014282041,-25.024638447252983
2022-05-13,-26.448098008881473,-25.30933035957868
2022-05-16,-25.774086325995057,-25.402281552861957
2022-05-17,-24.22636630035818,-25.167098502361203
2022-05-18,-23.958194258189593,-24.925317653526882
2022-05-19,-23.419219890159056,-24.624098100853317
2022-05-20,-22.91353624644215,-24.281985729971083
2022-05-23,-21.984997244353494,-23.822588032847566
2022-05-24,-21.876483934306236,-23.433367213139302
2022-05-25,-21.23105049064405,-22.99290386864025
2022-05-26,-19.438405601058648,-22.282004215123933
2022-05-27,-17.150283553011306,-21.25566008270141
2022-05-31,-14.978674484990023,-20.000262963159134
2022-06-01,-13.313981509574035,-18.663006672442116
2022-06-02,-10.988492800164082,-17.12810389798651
2022-06-03,-10.01452346081139,-15.705387810551487
2022-06-06,-8.778342087121274,-14.319978665865445
2022-06-07,-7.39069751129999,-12.934122434952355
2022-06-08,-5.7805406782627955,-11.503406083614443
2022-06-09,-5.50613789407852,-10.30395244570726
2022-06-10,-6.0420775264107505,-9.45157746184796
2022-06-13,-7.717334067893731,-9.104728783057114
2022-06-14,-8.662707893068202,-9.016324605059332
2022-06-15,-8.658511349124922,-8.94476195387245
2022-06-16,-9.48988405444885,-9.05378637398773
2022-06-17,-9.793781369965316,-9.201785373183249
2022-06-21,-9.473543988234184,-9.256137096193436
2022-06-22,-9.114685139433604,-9.22784670484147
2022-06-23,-8.370682507017975,-9.05641386527677
2022-06-24,-6.846798144575885,-8.614490721136594
2022-06-27,-5.646639845001289,-8.020920545909533
2022-06-28,-5.479602546531169,-7.512656946033861
2022-06-29,-5.326173295062759,-7.075360215839641
2022-06-30,-5.5281742868471895,-6.765923030041151
2022-07-01,-5.471870961685184,-6.507112616369958
2022-07-05,-4.806996607650163,-6.167089414626
2022-07-06,-4.1914170242022095,-5.771954936541242
2022-07-07,-3.071046379557771,-5.231773225144549
2022-07-08,-2.2061291661826914,-4.626644413352178
2022-07-11,-2.5164515713300517,-4.2046058449477535
2022-07-12,-2.9143801769727844,-3.9465607113527597
2022-07-13,-3.1690034259570012,-3.7910492542736085
2022-07-14,-3.4520386959479765,-3.723247142608482
2022-07-15,-3.3073850981956525,-3.6400747337259163
2022-07-18,-3.1404067279669476,-3.5401411325741226
2022-07-19,-2.3435961643659056,-3.3008321389324795
2022-07-20,-1.2139742565375684,-2.8834605624534975
2022-07-21,0.21138783058420074,-2.264490883845958
2022-07-22,0.6316980712125542,-1.6852530928342557
2022-07-25,0.6745998486711073,-1.2132825045331832
2022-07-26,0.22986921243523284,-0.9246521611395
2022-07-27,0.9158509736471956,-0.556551534182161
2022-07-28,1.4827500632161303,-0.14869121470250274
2022-07-29,2.1732524416463264,0.3156975165672631
2022-08-01,2.7134097913674537,0.7952399715273013
2022-08-02,3.049847124222836,1.2461614020664085
2022-08-03,3.9886531662841946,1.7946597549099659
2022-08-04,4.9499554216316,2.425718888254293
2022-08-05,5.136161278636763,2.967807366330787
2022-08-08,5.079927318840376,3.390231356832705
2022-08-09,4.69877618431228,3.6519403223286204
2022-08-10,5.20016781235536,3.9615858203339687
2022-08-11,5.390144852275654,4.247297626722306
2022-08-12,6.07585170859754,4.613008443097353
2022-08-15,6.703390109321546,5.031084776342192
2022-08-16,6.935183921109058,5.411904605295566
2022-08-17,6.59103119078523,5.647729922393499
2022-08-18,6.302125215210864,5.778608980956973
2022-08-19,5.42959594934365,5.7088063746343085
2022-08-22,3.9980748975326463,5.366660079213976
2022-08-23,2.8708367526946006,4.867495413910101
2022-08-24,2.1942731149702723,4.332850954122136
2022-08-25,2.3491675591045436,3.9361142751186176
2022-08-26,1.350875215374927,3.4190664631698797
2022-08-29,0.3140265105682545,2.7980584726495548
2022-08-30,-0.9565992103426026,2.0471269360511233
2022-08-31,-1.8773843697691461,1.2622246748870696
2022-09-01,-2.5853796365441326,0.4927038126008292
2022-09-02,-3.509474165937135,-0.3077317831067637
2022-09-06,-4.4806658178463294,-1.142318590054677
2022-09-07,-4.751762800762691,-1.86420743219628
2022-09-08,-4.902031883948311,-2.4717723225466863
2022-09-09,-4.413473596885794,-2.860112577414508
2022-09-12,-3.6692927819144643,-3.0219486183144992
2022-09-13,-4.504258527155557,-3.3184106000827107
2022-09-14,-4.979468181166595,-3.6506221162994876
2022-09-15,-5.382786527044573,-3.9970549984485046
2022-09-16,-5.773047288252172,-4.3522534564092386
2022-09-19,-5.781678278149272,-4.638138420757246
2022-09-20,-5.882096537719377,-4.886930044149672
2022-09-21,-6.34046289813449,-5.1776366149466355
2022-09-22,-6.8108018809607245,-5.504269668149454
2022-09-23,-7.44470499033217,-5.892356732585998
2022-09-26,-7.928307471897455,-6.29954688044829
2022-09-27,-8.216847222731829,-6.683006948904998
2022-09-28,-7.902548320491732,-6.926915223222345
2022-09-29,-8.108695292687756,-7.163271237115428
2022-09-30,-8.34532121938166,-7.399681233568675
2022-10-03,-8.268086976865689,-7.573362382228078
2022-10-04,-7.658651689220818,-7.590420243626626
2022-10-05,-7.1656908113460815,-7.505474357170518
2022-10-06,-6.745670733322925,-7.3535136324009995
2022-10-07,-7.057670151016197,-7.294344936124039
2022-10-10,-7.381229009311305,-7.3117217507614924
2022-10-11,-7.9335191957623366,-7.436081239761662
2022-10-12,-8.267837316573114,-7.602432455123953
2022-10-13,-8.19623086060922,-7.721192136221006
2022-10-14,-8.533334465321161,-7.883620602041038
2022-10-17,-8.149773527171014,-7.936851187067034
2022-10-18,-7.740433431840039,-7.897567636021636
2022-10-19,-7.339492702902781,-7.785952649397865
2022-10-20,-7.029473574713158,-7.634656834460925
2022-10-21,-6.427270855194635,-7.393179638607668
2022-10-24,-6.145462158187314,-7.143636142523598
2022-10-25,-5.511618229558927,-6.817232559930664
2022-10-26,-5.231408676023193,-6.500067783149171
2022-10-27,-5.44684103908525,-6.289422434336387
2022-10-28,-5.44985117313005,-6.121508182095121
2022-10-31,-5.571983218686178,-6.011603189413332
2022-11-01,-5.726223519180735,-5.954527255366813
2022-11-02,-6.170301198565575,-5.997682044006565
2022-11-03,-6.595486709424172,-6.117242977090086
2022-11-04,-6.640455407728503,-6.22188546321777
2022-11-07,-6.540183528534136,-6.2855450762810445
2022-11-08,-6.382304803367781,-6.304897021698392
2022-11-09,-6.521718210011038,-6.348261259360921
2022-11-10,-5.730184867841388,-6.224645981057014
2022-11-11,-4.708896027573516,-5.921495990360315
2022-11-14,-3.8558759073970066,-5.5083719737676535
2022-11-15,-2.735978622625126,-4.953893303539148
2022-11-16,-2.103398299435476,-4.383794302718414
2022-11-17,-1.5734461285474524,-3.821724667884222
2022-11-18,-1.3381451475674027,-3.325008763820858
2022-11-21,-1.3794547272136057,-2.9358979564994074
2022-11-22,-1.2469257967311336,-2.5981035245457527
2022-11-23,-0.8839823479448015,-2.2552792892255624
2022-11-25,-0.7929698146991555,-1.9628173943202811
2022-11-28,-0.8721711654075506,-1.744688148537735
2022-11-29,-0.8939707576479563,-1.5745446703597794
2022-11-30,-0.04331265176624299,-1.2682982666410723
2022-12-01,0.6978390242170533,-0.8750708084694471
2022-12-02,1.4005891036863858,-0.41993882603828053
2022-12-05,1.7357854439693483,0.011206027963245269
2022-12-06,1.6443777238962412,0.33784036714984444
2022-12-07,1.4279829137193474,0.555868876463745
2022-12-08,1.5636508948215635,0.7574252801353087
2022-12-09,1.6313831780335946,0.9322168597149659
2022-12-12,1.6451179135583018,1.0747970704836332
2022-12-13,1.8995811792251516,1.2397538922319369
2022-12-14,1.959236695350171,1.3836504528555837
2022-12-15,1.3382917263478404,1.374578707554035
2022-12-16,0.7272572241089961,1.2451144108650272
2022-12-19,-0.0022682341089961255,0.9956378818702225
2022-12-20,-0.6025259126409424,0.6760051229679895
2022-12-21,-0.8282261142401524,0.3751588755263612
2022-12-22,-1.4439372853969132,0.01133964334170634
2022-12-23,-1.9034953437163438,-0.37162735406990366
2022-12-27,-2.571314473544767,-0.8115647779648765
2022-12-28,-3.15856504772664,-1.2809648319172293
2022-12-29,-3.2412422041047293,-1.6730203063547293
2022-12-30,-3.236373980345057,-1.985691041152795
2023-01-03,-3.3671878790866856,-2.2619904087395732
2023-01-04,-3.3762622639584805,-2.484844779783355
2023-01-05,-3.5913916401884265,-2.7061541518643693
2023-01-06,-3.489269081763588,-2.8627771378442133
2023-01-09,-3.1158195420579347,-2.9133856186869576
2023-01-10,-2.611426733074211,-2.8529938415644085
2023-01-11,-1.9551481800029222,-2.673424709252111
2023-01-12,-1.2711107096627146,-2.392961909334232
2023-01-13,-0.6297582022809252,-2.0403211679235707
2023-01-17,-0.0004391927677716012,-1.632344772892411
2023-01-18,0.30515775057236993,-1.244844268199455
2023-01-19,0.36002531638618507,-0.923870351282327
2023-01-20,0.9557189531806429,-0.547952490389733
2023-01-23,1.9563825588118462,-0.04708548054941719
2023-01-24,2.630333832954676,0.48839838215140147
2023-01-25,3.08211537312863,1.0071417803468474
2023-01-26,3.840495777313606,1.5738125797401992
2023-01-27,4.830445846350678,2.2251392330622948
2023-01-30,4.954305120509638,2.7709724105517637
2023-01-31,5.315570037656286,3.2798919359726684
2023-02-01,6.236041752940331,3.871121899366201
2023-02-02,8.181641453438772,4.733225810180715
2023-02-03,9.02959991549723,5.592500631244018
2023-02-06,9.401196081619418,6.354239721319098
2023-02-07,10.06223323754513,7.095838424564306
2023-02-08,10.12883224253028,7.702437188157502
2023-02-09,9.882107244164445,8.138371199358891
2023-02-10,9.093566249926084,8.32941020947233
2023-02-13,8.709569257278645,8.405442019033593
2023-02-14,8.784106193296992,8.481174853886273
2023-02-15,8.866845161661246,8.558308915441268
2023-02-16,8.056035041046812,8.457854140562377
2023-02-17,7.0920557137261255,8.184694455195128
2023-02-21,5.763785912528149,7.700512746661733
2023-02-22,4.686152516826837,7.097640700694755
2023-02-23,4.1155148056941755,6.50121552169464
2023-02-24,3.246604992769221,5.850293415909556
2023-02-27,2.783309978050582,5.236896728337761
2023-02-28,2.406160876112608,4.670749557892731
2023-03-01,1.8646771144482415,4.109535069203833
2023-03-02,1.26522768008617,3.5406735913803007
2023-03-03,1.2948874042721599,3.091516353958673
2023-03-06,1.2403485122495255,2.7212827856168436
2023-03-07,1.033512294442076,2.38372868738189
2023-03-08,0.9976885659383186,2.106520663093176
2023-03-09,0.49956241322524875,1.7851290131195907
2023-03-10,-0.15645692534852174,1.3968118254259683
2023-03-13,-0.5178800236322587,1.013873455614323
2023-03-14,-0.1777087750485009,0.7755570094817583
2023-03-15,0.31658746349488354,0.6837631002843834
2023-03-16,1.3783114399776508,0.8226727682230369
2023-03-17,2.003783989447868,1.0588950124680032
2023-03-20,2.4654074187701553,1.3401974937284338
2023-03-21,3.2600649093939325,1.7241709768615336
2023-03-22,3.5399808609983836,2.087332953688904
2023-03-23,4.226297044298747,2.5151257718108724
2023-03-24,4.656017164613303,2.943304050371359
2023-03-27,4.700316208567855,3.2947064820106586
2023-03-28,4.4812304890146635,3.5320112834114594
2023-03-29,4.674924333306436,3.760593893390455
2023-03-30,5.0829187291532065,4.025058860543005
2023-03-31,5.963678967778975,4.412782881990199
2023-04-03,6.356027761670063,4.801431857926172
2023-04-04,6.638853301693331,5.168916146679604
2023-04-05,6.231165386993709,5.381365994742425
2023-04-06,6.034587525034809,5.5120103008009025
2023-04-10,5.832544213574877,5.5761170833556974
2023-04-11,5.276726178728765,5.516238902430311
2023-04-12,4.494741102492895,5.3119393424428285
2023-04-13,4.338203087439794,5.117192091442222
2023-04-14,4.150166350502587,4.923786943254295
2023-04-17,3.8949218266469074,4.718013919932818
2023-04-18,3.648164284802732,4.504043992906801
2023-04-19,3.3287029948108398,4.268975793287609
2023-04-20,2.7078294465025294,3.9567465239305935
2023-04-21,2.269505790128761,3.619298377170227
2023-04-24,1.7821635603381623,3.2518714138038147
2023-04-25,0.8160445891467987,2.764706048872412
2023-04-26,0.4247432579177115,2.296713490681472
2023-04-27,0.8927007134365965,2.015910935232497
2023-04-28,1.3576508972039676,1.8842589276267914
2023-05-01,1.6601883492814835,1.83944481195773
2023-05-02,1.6852513042449857,1.8086061104151812
2023-05-03,1.404884926450066,1.7278618736221583
2023-05-04,1.3638580351013445,1.6550611059179956
2023-05-05,1.7716710286201476,1.678383090458426
2023-05-08,2.4562913327534375,1.8339647389174285
2023-05-09,2.8984724742293366,2.04686628597981
2023-05-10,3.680141383889051,2.3735213055616584
2023-05-11,4.496319263922288,2.7980808972337847
2023-05-12,4.794962331894496,3.1974571841659274
2023-05-15,5.174525980199846,3.592870943372711
2023-05-16,5.65624103664878,4.005544962027925
2023-05-17,6.474151941619894,4.499266357946319
2023-05-18,8.03434796911327,5.20628268017971
2023-05-19,8.849266281642684,5.934879400472305
2023-05-22,9.634182639810817,6.6747400483400074
2023-05-23,9.730921684413104,7.285976375554627
2023-05-24,9.786760811021566,7.786133262648016
2023-05-25,10.460859962078118,8.321078602534037
2023-05-26,11.919587887960262,9.040780459619283
2023-05-30,13.474665148911114,9.92755739747765
2023-05-31,14.218788985203545,10.78580371502283
2023-06-01,15.336164425116948,11.695875857041655
2023-06-02,16.31443763278679,12.619588212190683
2023-06-05,17.123916962871306,13.520453962326808
2023-06-06,17.797510171648923,14.375865204191232
2023-06-07,16.953771810904925,14.891446525533972
2023-06-08,16.826241556326494,15.278405531692478
2023-06-09,16.87121092369182,15.596966610092347
2023-06-12,17.47041779748298,15.971656847570474
2023-06-13,18.103751998488804,16.39807587775414
2023-06-14,19.005495149519675,16.91955973210725
2023-06-15,19.99238316534479,17.534124418754757
2023-06-16,19.956213457169667,18.018542226437738
2023-06-20,19.900682829998033,18.394970347149798
2023-06-21,18.49203960087499,18.414384197894837
2023-06-22,17.803876345146392,18.29228262734515
2023-06-23,16.729174494903788,17.979661000856876
2023-06-26,14.41139750377124,17.26600830143975
2023-06-27,13.268849747142923,16.466576590580388
2023-06-28,12.62293546671171,15.697848365806653
2023-06-29,11.62841140170707,14.883960972986738
2023-06-30,11.474543129675425,14.202077404324475
2023-07-03,11.59895285449764,13.681452494359108
2023-07-05,11.643217859391427,13.273805567365574
2023-07-06,11.190226663831965,12.857089786658854
2023-07-07,10.553834334478722,12.396438696222829
2023-07-10,9.563226555422148,11.829796268062694
2023-07-11,8.826502827861333,11.229137580022421
2023-07-12,8.901759329196153,10.763661929857168
2023-07-13,10.097339443669966,10.630397432619729
2023-07-14,10.762624303260878,10.65684280674796
2023-07-17,11.71402903643255,10.868280052684879
2023-07-18,12.991237249930208,11.292871492133946
2023-07-19,13.766471653156827,11.787591524338524
2023-07-20,11.759188583737682,11.781910936218356
2023-07-21,9.648078032447643,11.355144355464214
2023-07-24,7.998996421691658,10.683914768709704
2023-07-25,7.032234614098911,9.953578737787545
2023-07-26,5.901100054364406,9.143083001102918
2023-07-27,4.825583330817807,8.279583067045897
2023-07-28,5.162821074618989,7.656230668560515
2023-07-31,5.597148591786066,7.244414253205625
2023-08-01,5.749204264757623,6.945372255516025
2023-08-02,4.144357202071973,6.385169244827216
2023-08-03,2.9410789152821337,5.696351178918199
2023-08-04,2.208128034710228,4.998706550076605
2023-08-07,2.017946075807316,4.402554455222748
2023-08-08,1.1351770571659188,3.7490789756113823
2023-08-09,-0.463633131840993,2.9065365541209074
2023-08-10,-1.6551371992299835,1.9942018034507294
2023-08-11,-3.0715568829685935,0.9810500661668649
2023-08-14,-3.473007359142514,0.09023858110498906
2023-08-15,-4.214622807601984,-0.7707336966364056
2023-08-16,-5.431276753263376,-1.7028423079617996
2023-08-17,-6.929666340542639,-2.7482071144779674
2023-08-18,-8.171428074448158,-3.832851306472006
2023-08-21,-8.037294182093206,-4.673739881596246
2023-08-22,-7.969840809317162,-5.332960067140429
2023-08-23,-6.932721278547177,-5.6529123094217795
2023-08-24,-7.2672543475011935,-5.9757807170376624
2023-08-25,-7.129042655770036,-6.2064331047841375
2023-08-28,-6.769599571531984,-6.319066398133708
2023-08-29,-5.20947085901804,-6.097147290310574
2023-08-30,-3.6709144101376694,-5.611900714275994
2023-08-31,-2.3008104412104444,-4.9496826596628845
2023-09-01,-1.271345701188153,-4.214015267967938
2023-09-05,0.021953828848552348,-3.3668214486046404
2023-09-06,0.3736612823662142,-2.6187249024104697
2023-09-07,0.4399436947784636,-2.006991182972683
2023-09-08,0.5706216836236138,-1.4914686096534238
2023-09-11,1.5447920721943262,-0.8842164732838738
2023-09-12,1.6027915744352867,-0.38681486374004165
2023-09-13,1.797487986031058,0.050045706214178254
2023-09-14,2.0149004257037575,0.4430166501120941
2023-09-15,1.2768054066335992,0.6097744014163952
2023-09-18,0.5611268770562958,0.6000448965443753
2023-09-19,-0.09054273770945542,0.4619273696936092
2023-09-20,-1.4137544610876205,0.0867910035373633
2023-09-21,-3.3756572083487413,-0.6056986388398576
2023-09-22,-4.898223339719124,-1.4642035790157109
2023-09-25,-5.776037564129325,-2.3265703760384335
2023-09-26,-7.040922729648116,-3.2694408467603706
2023-09-27,-7.976421557244322,-4.210836988857161
2023-09-28,-8.198860924546807,-5.00844177599509
2023-09-29,-8.164830479962234,-5.639719516788519
2023-10-02,-7.580050578391251,-6.027785729109066
2023-10-03,-7.795736384149677,-6.381375860117188
2023-10-04,-7.226534791248753,-6.550407646343501
2023-10-05,-6.742100341775398,-6.588746185429881
2023-10-06,-5.381906819723355,-6.347378312288576
2023-10-09,-4.0522753158657565,-5.888357713004012
2023-10-10,-2.8973532010922725,-5.2901568106216645
2023-10-11,-1.5502502635188193,-4.542175501201095
2023-10-12,-0.6167622040123035,-3.7570928417633374
2023-10-13,-0.6880544089173384,-3.1432851551941376
2023-10-16,-0.13777845083535567,-2.542183814322381
2023-10-17,-0.1143115973952149,-2.056609370936948
2023-10-18,-0.951375764699975,-1.8355626496895536
2023-10-19,-1.552478492627074,-1.7789458182770579
2023-10-20,-2.7077304061799623,-1.9647027358576388
2023-10-23,-3.21024679382532,-2.213811547451175
2023-10-24,-3.112671594046276,-2.3935835567701953
2023-10-25,-4.221264810947076,-2.759119807605572
2023-10-26,-5.955902520766841,-3.398476350237826
2023-10-27,-6.860979052550789,-4.090976890700419
2023-10-30,-7.087451773214013,-4.690271867203138
2023-10-31,-7.126682989481594,-5.177554091658829
2023-11-01,-6.355862153855554,-5.4132157040981745
2023-11-02,-5.194498044348478,-5.369472172148235
2023-11-03,-3.637479774206497,-5.023073692559888
2023-11-06,-2.277224304274057,-4.473903814902722
2023-11-07,-0.4069695325130738,-3.6605169584247923
2023-11-08,1.2233090616599327,-2.6837517544078477
2023-11-09,2.1236888100945066,-1.7222636415073769
2023-11-10,3.921722073852692,-0.5934664984353631
2023-11-13,5.213153936945815,0.5678575886408725
2023-11-14,7.1658917107738205,1.8874644130674623
2023-11-15,8.634892186992658,3.2369499678525013
2023-11-16,9.702572046170474,4.530074383516096
2023-11-17,10.48035532092149,5.720130570997175
2023-11-20,11.704995605858386,6.917103577969417
2023-11-21,12.351594169773506,8.004001696330235
2023-11-22,12.741361445693627,8.951473646202913
2023-11-24,12.797830020180413,9.720744920998413
2023-11-27,12.58295135685833,10.293186208170397
2023-11-28,12.512912975033203,10.73713156154296
2023-11-29,12.067351083314549,11.003175465897279
2023-11-30,11.447525233499533,11.09204541941773
2023-12-01,10.637604992600558,11.001157334054296
2023-12-04,9.263592211353796,10.653644309514197
2023-12-05,8.380663767797444,10.199048201170848
2023-12-06,7.102805552989508,9.57979967153458
2023-12-07,6.851118576515034,9.034063452530672
2023-12-08,7.035339241340864,8.634318610292711
2023-12-11,7.229525744418169,8.353360037117803
2023-12-12,7.848907990222699,8.252469627738783
2023-12-13,8.815102619104067,8.36499622601184
2023-12-14,9.605653430029292,8.61312766681533
2023-12-15,10.429068399279203,8.976315813308105
2023-12-18,11.791356577521384,9.53932396615076
2023-12-19,13.029030653127393,10.237265303546089
2023-12-20,12.97274645990558,10.784361534817986
2023-12-21,13.483603419065645,11.324209911667518
2023-12-22,13.532353760156127,11.76583868136524
2023-12-26,13.754567670608708,12.163584479213934
2023-12-27,13.826164108248662,12.496100405020881
2023-12-28,13.62896880730392,12.72267408547749
2023-12-29,12.89157678428333,12.756454625238659
2024-01-02,10.864257226631509,12.37801514551723
2024-01-03,8.535454412868575,11.6095029989875
2024-01-04,6.322454846530462,10.552093368496092
2024-01-05,4.788595594136439,9.399393813624162
2024-01-08,4.877240438305961,8.494963138560522
2024-01-09,5.027521231418746,7.8014747571321665
2024-01-10,5.61845274789269,7.364870355284272
2024-01-11,6.17854527116549,7.127605338460516
2024-01-12,6.388206550384183,6.979725580845249
2024-01-16,6.275454681275363,6.838871400931272
2024-01-17,5.790929437511181,6.6292830082472545
2024-01-18,6.07045005767074,6.517516418131953
2024-01-19,7.447961035511213,6.703605341607806
2024-01-22,8.599481573812284,7.082780588048701
2024-01-23,9.912616498188214,7.6487477700766044
2024-01-24,11.976380583304518,8.514274332722188
2024-01-25,13.23903057745656,9.459225581669063
2024-01-26,13.905902208482132,10.348560907031677
2024-01-29,15.34603517358559,11.348055760342461
2024-01-30,15.649318921754002,12.208308392624769
2024-01-31,13.85947713512519,12.538542141124854
2024-02-01,13.186300600002028,12.66809383290029
2024-02-02,15.533570190932863,13.241189104506805
2024-02-05,17.09267166524927,14.011485616655298
2024-02-06,17.707777409514847,14.75074397522721
2024-02-07,19.233143262420185,15.647223832665805
2024-02-08,20.415658743789095,16.600910814890465
2024-02-09,22.448847808343203,17.770498213581014
2024-02-12,23.096742940433842,18.83574715895158
2024-02-13,22.267410828810966,19.522079892923458
2024-02-14,22.834088381263655,20.1844815905915
2024-02-15,23.129529414031254,20.77349115527945
2024-02-16,22.290122870080666,21.076817498239695
2024-02-20,19.998393669879192,20.861132732567594
2024-02-21,17.74603193763835,20.238112573581745
2024-02-22,19.031433898512432,19.996776838567882
2024-02-23,19.660494044560153,19.929520279766336
2024-02-26,19.876646356372305,19.91894549508753
2024-02-27,20.109851074287008,19.95712661092743
2024-02-28,19.452334808163357,19.856168250374616
2024-02-29,18.037445029198466,19.492423606139386
2024-03-01,18.27891377753997,19.2497216404195
2024-03-04,17.423782146649273,18.884533741665457
2024-03-05,14.759575307565683,18.059542054845505
2024-03-06,12.708249808028825,16.98928360548217
2024-03-07,12.73198987022829,16.137824858431397
2024-03-08,10.837746152522186,15.077809117249556
2024-03-11,8.453961780454733,13.753039649890592
2024-03-12,8.076650842320419,12.617761888376558
2024-03-13,7.083525461074203,11.510914602916088
2024-03-14,5.971034774181248,10.402938637169122
2024-03-15,4.123575058452843,9.147065921425865
2024-03-18,3.7874325237647213,8.075139241893636
2024-03-19,3.7880343578493694,7.217718265084783
2024-03-20,5.001747653980033,6.774524142863834
2024-03-21,5.8190821413795675,6.583435742566982
2024-03-22,6.937971826546914,6.654342959362968
2024-03-25,7.554447848573204,6.834363937205016
2024-03-26,7.6250813605724375,6.9925074218785
2024-03-27,7.453924353043931,7.0847908081115865
2024-03-28,6.887076876327967,7.045248021754864
2024-04-01,6.811204532441366,6.998439323892164
2024-04-02,5.92029269627443,6.782809998368618
2024-04-03,5.589575932926891,6.544163185280273
2024-04-04,4.265627424817808,6.08845603318778
2024-04-05,4.228739487959558,5.716512724142136
2024-04-08,4.295236689145099,5.432257517142729
2024-04-09,4.3981021693999764,5.225426447594179
2024-04-10,4.013758171099312,4.9830927922952055
2024-04-11,5.712250415937319,5.128924317023628
2024-04-12,5.704719375834429,5.244083328785789
2024-04-15,3.5334077175836,4.9019482065453515
2024-04-16,1.6946488256494376,4.260488330366169
2024-04-17,-0.7217529326061367,3.264040077771708
2024-04-18,-3.1802815370193684,1.9751757548134927
2024-04-19,-7.626930819838606,0.05475443988307305
2024-04-22,-10.636963620659003,-2.0835891722253423
2024-04-23,-11.491580963190529,-3.9651875304183797
2024-04-24,-11.516462379099949,-5.475442500154694
2024-04-25,-11.809159658120734,-6.742185931747901
2024-04-26,-9.985386025340802,-7.390825950466482
2024-04-29,-7.727950389019838,-7.458250838177153
2024-04-30,-7.603090029157897,-7.487218676373303
2024-05-01,-7.827848784570222,-7.555344698012687
2024-05-02,-6.935933030201284,-7.4314623644504065
2024-05-03,-4.59376734810138,-6.863923361180602
2024-05-06,-1.3000044743455987,-5.751139583813601
2024-05-07,0.8837696158008725,-4.4241577438907065
2024-05-08,2.518422528344047,-3.035641689443756
2024-05-09,3.569408763251147,-1.7146315989047753
2024-05-10,4.333007049556784,-0.5051038692124636
2024-05-13,5.310264496330035,0.657969803896036
2024-05-14,6.825890827999899,1.8915540087168088
2024-05-15,9.015674067756095,3.3163780205246662
2024-05-16,10.262419928726786,4.705586402165091
2024-05-17,11.053659209972523,5.975200963726578
2024-05-20,12.251997227115282,7.230560216404319
2024-05-21,13.683035652446847,8.521055303612826
2024-05-22,14.026066325245665,9.622057507939395
2024-05-23,13.528713045532527,10.403388615458022
2024-05-24,14.294734048017915,11.181657701970002
2024-05-28,15.224980869709668,11.990322335517936
2024-05-29,15.639903032244092,12.720238474863168
2024-05-30,14.007037080469729,12.97759819598448
2024-05-31,11.858929272136322,12.753864411214849
2024-06-03,10.67577940422342,12.338247409816564
2024-06-04,9.824984464974023,11.835594820848057
2024-06-05,10.842907958507112,11.637057448379867
2024-06-06,11.494524377501875,11.60855083420427
2024-06-07,11.620383701693243,11.610917407702065
2024-06-10,11.734940309073977,11.63572198797645
2024-06-11,12.700875945348116,11.848752779450784
2024-06-12,15.000102798043258,12.47902278316928
2024-06-13,18.04969599620904,13.593157425777232
2024-06-14,20.892998098472162,15.05312556031622
2024-06-17,24.718914430671703,16.986283334387316
2024-06-18,27.00555601732077,18.99013787097401
2024-06-20,27.08055348091159,20.608220992961527
2024-06-21,26.33212638280287,21.7530020709298
2024-06-24,23.818320722936505,22.166065801331143
2024-06-25,22.963820145624197,22.325616670189756
2024-06-26,23.713439550878434,22.60318124632749
2024-06-27,24.746863727111474,23.03191774248429
2024-06-28,24.48317089970419,23.32216837392827
2024-07-01,26.250328648756465,23.907800428893914
2024-07-02,29.28453623085545,24.983147589286222
2024-07-03,33.24416196458037,26.635350464345052
2024-07-05,37.66114655439577,28.840509682355197
2024-07-08,40.55933728235374,31.184275202354907
2024-07-09,42.78978228180961,33.50537661824585
2024-07-10,45.07711385571719,35.81972406574012
2024-07-11,41.72072269335513,36.99992379126312
2024-07-12,38.485592786969335,37.297057590404364
2024-07-15,35.8330499136635,37.004256055056196
2024-07-16,33.260337753184444,36.255472394681846
2024-07-17,26.77812430102574,34.360002775950626
2024-07-18,20.960342919524464,31.680070804665398
2024-07-19,14.962020460174813,28.336460735767282
2024-07-22,12.290491039886888,25.127266796591208
2024-07-23,10.196152498076287,22.141043936888224
2024-07-24,2.3596639803183734,18.184767945574254
2024-07-25,-4.268806781966248,13.694053000066155
2024-07-26,-8.889302586589622,9.177381882735
2024-07-29,-11.835283615087292,4.9748487831705415
2024-07-30,-15.699680013043121,0.839943023927809
2024-07-31,-15.3886563650114,-2.4057768538600333
2024-08-01,-17.702597362954577,-5.465140955678942
2024-08-02,-21.962209120158434,-8.76455458857484
2024-08-05,-28.336636919284445,-12.678971054716762
2024-08-06,-32.05145563871264,-16.55346797151594
2024-08-07,-35.53398932899165,-20.34957224301108
2024-08-08,-35.248180345424544,-23.329293863493774
2024-08-09,-33.88387702548306,-25.44021049589163
2024-08-12,-32.38097362951771,-26.82836312261685
2024-08-13,-28.24666480681765,-27.11202345945701
2024-08-14,-24.772585923602264,-26.644135952286064
2024-08-15,-19.65047283305347,-25.245403328439547
2024-08-16,-15.05450989506727,-23.207224641765094
2024-08-19,-9.584573104905303,-20.482694334393138
2024-08-20,-5.263971638262092,-17.438949795166927
2024-08-21,-1.3195251743682093,-14.215064871007183
2024-08-22,-1.7607755517885266,-11.724207007163452
2024-08-23,-0.8619168073026344,-9.551748967191289
2024-08-26,-1.2088280216648855,-7.883164778086009
2024-08-27,-1.6590997436072144,-6.63835177119025
2024-08-28,-3.405734899711206,-5.991828396894442
2024-08-29,-4.869385963107675,-5.767339910137089
2024-08-30,-4.507980657805092,-5.51546805967069
2024-09-03,-7.442513625146887,-5.90087717276593
2024-09-04,-9.427888691348642,-6.606279476482473
2024-09-05,-9.814973962676447,-7.248018373721267
2024-09-06,-13.675910013287478,-8.53359670163451
2024-09-09,-15.492815157178313,-9.92544039274327
2024-09-10,-15.588647078912857,-11.05808172997719
2024-09-11,-13.403232834800576,-11.527111950941867
2024-09-12,-10.119922822576996,-11.245674125268895
2024-09-13,-6.978298853884667,-10.392199070992051
2024-09-16,-5.251063967816492,-9.36397205035694
2024-09-17,-3.527661518542345,-8.196709943994023
2024-09-18,-2.591119492145367,-7.075591853624291
2024-09-19,1.284872609311492,-5.403498961037135
2024-09-20,3.9615641005906923,-3.5304863487115696
2024-09-23,5.690465084908112,-1.6862960619876335
2024-09-24,7.442047122272356,0.1393725748643646
2024-09-25,8.546084767805382,1.8207150134525683
2024-09-26,9.07994863825536,3.2725617384131267
2024-09-27,8.720667806416998,4.362182952013901
2024-09-30,8.725097219645477,5.234765805540217
2024-10-01,7.000990244461548,5.588010693324483
2024-10-02,6.1272183754387015,5.695852229747327
2024-10-03,5.775663888860265,5.711814561569915
2024-10-04,7.267570765674748,6.022965802390882
2024-10-07,6.815616754964992,6.181495992905704
2024-10-08,8.37496131558538,6.62018905744164
2024-10-09,10.355589589491558,7.367269163851624
2024-10-10,12.602229148823312,8.414261160845962
2024-10-11,14.210823995897215,9.573573727856214
2024-10-14,15.446380466385278,10.748135075562027
2024-10-15,14.763396936343952,11.551187447718414
2024-10-16,14.060052040313337,12.052960366237398
2024-10-17,13.596859833119993,12.361740259613919
2024-10-18,14.373711717182005,12.764134551127537
2024-10-21,15.454336946321291,13.302175030166289
2024-10-22,16.368965213753825,13.915533066883796
2024-10-23,14.335936085464766,13.99961367059999
2024-10-24,13.50110105293669,13.89991114706733
2024-10-25,13.089636654140804,13.737856248482027
2024-10-28,12.693080563182889,13.5289011114222
2024-10-29,13.987139103514039,13.62054870984057
2024-10-30,14.720352350788744,13.840509438030205
2024-10-31,11.42562985647362,13.357533521718889
2024-11-01,9.808560992704543,12.64773901591602
2024-11-04,7.873038231668261,11.69279885906647
2024-11-05,8.074517406389475,10.96914256853107
2024-11-06,10.958700675469743,10.967054189918805
2024-11-07,15.875157410702855,11.948674834075616
2024-11-08,18.771580081111665,13.313255883482826
2024-11-11,20.913091171004453,14.833222940987152
2024-11-12,23.242043192787094,16.514986991347143
2024-11-13,24.93347999282662,18.19868559164304
2024-11-14,25.2518026948174,19.609309012277915
2024-11-15,21.965910306000865,20.080629271022506
2024-11-18,19.77615450142605,20.019734317103214
2024-11-19,19.96667707808882,20.009122869300338
2024-11-20,19.468802070511344,19.90105870954254
2024-11-21,18.8090010683066,19.68264718129535
2024-11-22,18.283526265300566,19.402822998096394
2024-11-25,16.93116310059895,18.908491018596905
2024-11-26,16.921521949094256,18.511097204696377
2024-11-27,15.0339490486528,17.815667573487662
2024-11-29,14.480620433792296,17.14865814554859
